case_id,protein_id,selection_id,expected_class,method,R_model_kcal_mol,decision,outcome
a0a3f2yly8-pqq-la_model__conditioned_La__seed-1_sample-0,a0a3f2yly8-pqq-la_model,a0a3f2yly8-pqq-la_model__envelope_e05e200a13d024a5,La,envelope_mathematical,-405450.8192425,La-supported,correct
a0a3f2yly8-pqq-la_model__conditioned_La__seed-1_sample-0,a0a3f2yly8-pqq-la_model,a0a3f2yly8-pqq-la_model__envelope_e05e200a13d024a5,La,envelope_operational,-405450.8192425,La-supported,correct
a0a3f2yly8-pqq-la_model__conditioned_La__seed-1_sample-0,a0a3f2yly8-pqq-la_model,a0a3f2yly8-pqq-la_model__envelope_e05e200a13d024a5,La,envelope_origin,-405462.9179844535,inconclusive,inconclusive
a0a3f2yly8-pqq-la_model__conditioned_La__seed-1_sample-0,a0a3f2yly8-pqq-la_model,a0a3f2yly8-pqq-la_model__envelope_e05e200a13d024a5,La,released_static,-405458.9125084502,La-supported,correct
a0a3f2yly8-pqq-la_model__conditioned_La__seed-1_sample-0,a0a3f2yly8-pqq-la_model,a0a3f2yly8-pqq-la_model__envelope_e05e200a13d024a5,La,tenfold_precision,-405452.9862309381,La-supported,correct
a0a3f2yly8-pqq-la_model__conditioned_La__seed-1_sample-0,a0a3f2yly8-pqq-la_model,a0a3f2yly8-pqq-la_model__envelope_e05e200a13d024a5,La,tenfold_strict,-405452.97874736495,La-supported,correct
a0a3f2yly8-pqq-la_model__conditioned_La__seed-1_sample-2,a0a3f2yly8-pqq-la_model,a0a3f2yly8-pqq-la_model__envelope_e05e200a13d024a5,La,envelope_mathematical,-405437.74387924676,La-supported,correct
a0a3f2yly8-pqq-la_model__conditioned_La__seed-1_sample-2,a0a3f2yly8-pqq-la_model,a0a3f2yly8-pqq-la_model__envelope_e05e200a13d024a5,La,envelope_operational,-405437.74387924676,La-supported,correct
a0a3f2yly8-pqq-la_model__conditioned_La__seed-1_sample-2,a0a3f2yly8-pqq-la_model,a0a3f2yly8-pqq-la_model__envelope_e05e200a13d024a5,La,envelope_origin,-405443.9596978707,La-supported,correct
a0a3f2yly8-pqq-la_model__conditioned_La__seed-1_sample-2,a0a3f2yly8-pqq-la_model,a0a3f2yly8-pqq-la_model__envelope_e05e200a13d024a5,La,released_static,-405439.9871370081,La-supported,correct
a0a3f2yly8-pqq-la_model__conditioned_La__seed-1_sample-2,a0a3f2yly8-pqq-la_model,a0a3f2yly8-pqq-la_model__envelope_e05e200a13d024a5,La,tenfold_precision,-405434.2585198095,La-supported,correct
a0a3f2yly8-pqq-la_model__conditioned_La__seed-1_sample-2,a0a3f2yly8-pqq-la_model,a0a3f2yly8-pqq-la_model__envelope_e05e200a13d024a5,La,tenfold_strict,-405434.2633251899,La-supported,correct
a0a3f2yly8-pqq-la_model__conditioned_La__seed-1_sample-3,a0a3f2yly8-pqq-la_model,a0a3f2yly8-pqq-la_model__envelope_e05e200a13d024a5,La,envelope_mathematical,-405451.4810665154,La-supported,correct
a0a3f2yly8-pqq-la_model__conditioned_La__seed-1_sample-3,a0a3f2yly8-pqq-la_model,a0a3f2yly8-pqq-la_model__envelope_e05e200a13d024a5,La,envelope_operational,-405451.4810665154,La-supported,correct
a0a3f2yly8-pqq-la_model__conditioned_La__seed-1_sample-3,a0a3f2yly8-pqq-la_model,a0a3f2yly8-pqq-la_model__envelope_e05e200a13d024a5,La,envelope_origin,-405461.14928958326,inconclusive,inconclusive
a0a3f2yly8-pqq-la_model__conditioned_La__seed-1_sample-3,a0a3f2yly8-pqq-la_model,a0a3f2yly8-pqq-la_model__envelope_e05e200a13d024a5,La,released_static,-405456.8948552082,La-supported,correct
a0a3f2yly8-pqq-la_model__conditioned_La__seed-1_sample-3,a0a3f2yly8-pqq-la_model,a0a3f2yly8-pqq-la_model__envelope_e05e200a13d024a5,La,tenfold_precision,-405448.44580516015,La-supported,correct
a0a3f2yly8-pqq-la_model__conditioned_La__seed-1_sample-3,a0a3f2yly8-pqq-la_model,a0a3f2yly8-pqq-la_model__envelope_e05e200a13d024a5,La,tenfold_strict,-405448.4472830517,La-supported,correct
a0a3f2yly8-pqq-la_model__conditioned_La__seed-1_sample-4,a0a3f2yly8-pqq-la_model,a0a3f2yly8-pqq-la_model__envelope_e05e200a13d024a5,La,envelope_mathematical,-405431.19453429984,La-supported,correct
a0a3f2yly8-pqq-la_model__conditioned_La__seed-1_sample-4,a0a3f2yly8-pqq-la_model,a0a3f2yly8-pqq-la_model__envelope_e05e200a13d024a5,La,envelope_operational,-405431.19453429984,La-supported,correct
a0a3f2yly8-pqq-la_model__conditioned_La__seed-1_sample-4,a0a3f2yly8-pqq-la_model,a0a3f2yly8-pqq-la_model__envelope_e05e200a13d024a5,La,envelope_origin,-405435.5137513898,La-supported,correct
a0a3f2yly8-pqq-la_model__conditioned_La__seed-1_sample-4,a0a3f2yly8-pqq-la_model,a0a3f2yly8-pqq-la_model__envelope_e05e200a13d024a5,La,released_static,-405437.3513708829,La-supported,correct
a0a3f2yly8-pqq-la_model__conditioned_La__seed-1_sample-4,a0a3f2yly8-pqq-la_model,a0a3f2yly8-pqq-la_model__envelope_e05e200a13d024a5,La,tenfold_precision,-405427.9490886798,La-supported,correct
a0a3f2yly8-pqq-la_model__conditioned_La__seed-1_sample-4,a0a3f2yly8-pqq-la_model,a0a3f2yly8-pqq-la_model__envelope_e05e200a13d024a5,La,tenfold_strict,-405427.9487017782,La-supported,correct
a0acd6b9f2-pqq-la_model__conditioned_La__seed-1_sample-0,a0acd6b9f2-pqq-la_model,a0acd6b9f2-pqq-la_model__envelope_2eda778295ffed58,La,envelope_mathematical,,unavailable,unavailable
a0acd6b9f2-pqq-la_model__conditioned_La__seed-1_sample-0,a0acd6b9f2-pqq-la_model,a0acd6b9f2-pqq-la_model__envelope_2eda778295ffed58,La,envelope_operational,,unavailable,unavailable
a0acd6b9f2-pqq-la_model__conditioned_La__seed-1_sample-0,a0acd6b9f2-pqq-la_model,a0acd6b9f2-pqq-la_model__envelope_2eda778295ffed58,La,envelope_origin,-405444.64574145543,La-supported,correct
a0acd6b9f2-pqq-la_model__conditioned_La__seed-1_sample-0,a0acd6b9f2-pqq-la_model,a0acd6b9f2-pqq-la_model__envelope_2eda778295ffed58,La,released_static,-405441.4565402912,La-supported,correct
a0acd6b9f2-pqq-la_model__conditioned_La__seed-1_sample-0,a0acd6b9f2-pqq-la_model,a0acd6b9f2-pqq-la_model__envelope_2eda778295ffed58,La,tenfold_precision,-405445.9957615768,La-supported,correct
a0acd6b9f2-pqq-la_model__conditioned_La__seed-1_sample-0,a0acd6b9f2-pqq-la_model,a0acd6b9f2-pqq-la_model__envelope_2eda778295ffed58,La,tenfold_strict,-405445.99633735814,La-supported,correct
a0acd6b9f2-pqq-la_model__conditioned_La__seed-1_sample-1,a0acd6b9f2-pqq-la_model,a0acd6b9f2-pqq-la_model__envelope_2eda778295ffed58,La,envelope_mathematical,-405440.5035823147,La-supported,correct
a0acd6b9f2-pqq-la_model__conditioned_La__seed-1_sample-1,a0acd6b9f2-pqq-la_model,a0acd6b9f2-pqq-la_model__envelope_2eda778295ffed58,La,envelope_operational,-405440.5035823147,La-supported,correct
a0acd6b9f2-pqq-la_model__conditioned_La__seed-1_sample-1,a0acd6b9f2-pqq-la_model,a0acd6b9f2-pqq-la_model__envelope_2eda778295ffed58,La,envelope_origin,-405442.4777960932,La-supported,correct
a0acd6b9f2-pqq-la_model__conditioned_La__seed-1_sample-1,a0acd6b9f2-pqq-la_model,a0acd6b9f2-pqq-la_model__envelope_2eda778295ffed58,La,released_static,-405438.7537810008,La-supported,correct
a0acd6b9f2-pqq-la_model__conditioned_La__seed-1_sample-1,a0acd6b9f2-pqq-la_model,a0acd6b9f2-pqq-la_model__envelope_2eda778295ffed58,La,tenfold_precision,-405440.90860391833,La-supported,correct
a0acd6b9f2-pqq-la_model__conditioned_La__seed-1_sample-1,a0acd6b9f2-pqq-la_model,a0acd6b9f2-pqq-la_model__envelope_2eda778295ffed58,La,tenfold_strict,-405440.9108616686,La-supported,correct
a0acd6b9f2-pqq-la_model__conditioned_La__seed-1_sample-2,a0acd6b9f2-pqq-la_model,a0acd6b9f2-pqq-la_model__envelope_2eda778295ffed58,La,envelope_mathematical,-405445.51950418396,La-supported,correct
a0acd6b9f2-pqq-la_model__conditioned_La__seed-1_sample-2,a0acd6b9f2-pqq-la_model,a0acd6b9f2-pqq-la_model__envelope_2eda778295ffed58,La,envelope_operational,-405445.51950418396,La-supported,correct
a0acd6b9f2-pqq-la_model__conditioned_La__seed-1_sample-2,a0acd6b9f2-pqq-la_model,a0acd6b9f2-pqq-la_model__envelope_2eda778295ffed58,La,envelope_origin,-405444.45390334935,La-supported,correct
a0acd6b9f2-pqq-la_model__conditioned_La__seed-1_sample-2,a0acd6b9f2-pqq-la_model,a0acd6b9f2-pqq-la_model__envelope_2eda778295ffed58,La,released_static,-405438.7239055312,La-supported,correct
a0acd6b9f2-pqq-la_model__conditioned_La__seed-1_sample-2,a0acd6b9f2-pqq-la_model,a0acd6b9f2-pqq-la_model__envelope_2eda778295ffed58,La,tenfold_precision,-405443.6340125193,La-supported,correct
a0acd6b9f2-pqq-la_model__conditioned_La__seed-1_sample-2,a0acd6b9f2-pqq-la_model,a0acd6b9f2-pqq-la_model__envelope_2eda778295ffed58,La,tenfold_strict,-405443.63400195085,La-supported,correct
a0acd6b9f2-pqq-la_model__conditioned_La__seed-1_sample-4,a0acd6b9f2-pqq-la_model,a0acd6b9f2-pqq-la_model__envelope_2eda778295ffed58,La,envelope_mathematical,-405439.5969798923,La-supported,correct
a0acd6b9f2-pqq-la_model__conditioned_La__seed-1_sample-4,a0acd6b9f2-pqq-la_model,a0acd6b9f2-pqq-la_model__envelope_2eda778295ffed58,La,envelope_operational,-405439.5969798923,La-supported,correct
a0acd6b9f2-pqq-la_model__conditioned_La__seed-1_sample-4,a0acd6b9f2-pqq-la_model,a0acd6b9f2-pqq-la_model__envelope_2eda778295ffed58,La,envelope_origin,-405462.3774813276,inconclusive,inconclusive
a0acd6b9f2-pqq-la_model__conditioned_La__seed-1_sample-4,a0acd6b9f2-pqq-la_model,a0acd6b9f2-pqq-la_model__envelope_2eda778295ffed58,La,released_static,-405461.4705923183,inconclusive,inconclusive
a0acd6b9f2-pqq-la_model__conditioned_La__seed-1_sample-4,a0acd6b9f2-pqq-la_model,a0acd6b9f2-pqq-la_model__envelope_2eda778295ffed58,La,tenfold_precision,-405439.8091726227,La-supported,correct
a0acd6b9f2-pqq-la_model__conditioned_La__seed-1_sample-4,a0acd6b9f2-pqq-la_model,a0acd6b9f2-pqq-la_model__envelope_2eda778295ffed58,La,tenfold_strict,-405439.8108344968,La-supported,correct
a8r3s4-pqq-la_model__conditioned_La__seed-1_sample-1,a8r3s4-pqq-la_model,a8r3s4-pqq-la_model__envelope_5eba0c9b39ead1ee,Ca,envelope_mathematical,-405468.2327339728,Ca-supported,correct
a8r3s4-pqq-la_model__conditioned_La__seed-1_sample-1,a8r3s4-pqq-la_model,a8r3s4-pqq-la_model__envelope_5eba0c9b39ead1ee,Ca,envelope_operational,-405468.2327339728,Ca-supported,correct
a8r3s4-pqq-la_model__conditioned_La__seed-1_sample-1,a8r3s4-pqq-la_model,a8r3s4-pqq-la_model__envelope_5eba0c9b39ead1ee,Ca,envelope_origin,-405477.448951006,Ca-supported,correct
a8r3s4-pqq-la_model__conditioned_La__seed-1_sample-1,a8r3s4-pqq-la_model,a8r3s4-pqq-la_model__envelope_5eba0c9b39ead1ee,Ca,released_static,-405468.1872548272,Ca-supported,correct
a8r3s4-pqq-la_model__conditioned_La__seed-1_sample-1,a8r3s4-pqq-la_model,a8r3s4-pqq-la_model__envelope_5eba0c9b39ead1ee,Ca,tenfold_precision,-405466.9221801666,Ca-supported,correct
a8r3s4-pqq-la_model__conditioned_La__seed-1_sample-1,a8r3s4-pqq-la_model,a8r3s4-pqq-la_model__envelope_5eba0c9b39ead1ee,Ca,tenfold_strict,-405466.92833863746,Ca-supported,correct
a8r3s4-pqq-la_model__conditioned_La__seed-1_sample-2,a8r3s4-pqq-la_model,a8r3s4-pqq-la_model__envelope_5eba0c9b39ead1ee,Ca,envelope_mathematical,-405478.77418364,Ca-supported,correct
a8r3s4-pqq-la_model__conditioned_La__seed-1_sample-2,a8r3s4-pqq-la_model,a8r3s4-pqq-la_model__envelope_5eba0c9b39ead1ee,Ca,envelope_operational,-405478.77418364,Ca-supported,correct
a8r3s4-pqq-la_model__conditioned_La__seed-1_sample-2,a8r3s4-pqq-la_model,a8r3s4-pqq-la_model__envelope_5eba0c9b39ead1ee,Ca,envelope_origin,-405483.6465764734,Ca-supported,correct
a8r3s4-pqq-la_model__conditioned_La__seed-1_sample-2,a8r3s4-pqq-la_model,a8r3s4-pqq-la_model__envelope_5eba0c9b39ead1ee,Ca,released_static,-405475.83304374584,Ca-supported,correct
a8r3s4-pqq-la_model__conditioned_La__seed-1_sample-2,a8r3s4-pqq-la_model,a8r3s4-pqq-la_model__envelope_5eba0c9b39ead1ee,Ca,tenfold_precision,-405473.6396747861,Ca-supported,correct
a8r3s4-pqq-la_model__conditioned_La__seed-1_sample-2,a8r3s4-pqq-la_model,a8r3s4-pqq-la_model__envelope_5eba0c9b39ead1ee,Ca,tenfold_strict,-405473.5976275456,Ca-supported,correct
a8r3s4-pqq-la_model__conditioned_La__seed-1_sample-3,a8r3s4-pqq-la_model,a8r3s4-pqq-la_model__envelope_5eba0c9b39ead1ee,Ca,envelope_mathematical,-405468.8050421818,Ca-supported,correct
a8r3s4-pqq-la_model__conditioned_La__seed-1_sample-3,a8r3s4-pqq-la_model,a8r3s4-pqq-la_model__envelope_5eba0c9b39ead1ee,Ca,envelope_operational,-405468.8050421818,Ca-supported,correct
a8r3s4-pqq-la_model__conditioned_La__seed-1_sample-3,a8r3s4-pqq-la_model,a8r3s4-pqq-la_model__envelope_5eba0c9b39ead1ee,Ca,envelope_origin,-405477.657441034,Ca-supported,correct
a8r3s4-pqq-la_model__conditioned_La__seed-1_sample-3,a8r3s4-pqq-la_model,a8r3s4-pqq-la_model__envelope_5eba0c9b39ead1ee,Ca,released_static,-405468.19660733227,Ca-supported,correct
a8r3s4-pqq-la_model__conditioned_La__seed-1_sample-3,a8r3s4-pqq-la_model,a8r3s4-pqq-la_model__envelope_5eba0c9b39ead1ee,Ca,tenfold_precision,-405467.34665158624,Ca-supported,correct
a8r3s4-pqq-la_model__conditioned_La__seed-1_sample-3,a8r3s4-pqq-la_model,a8r3s4-pqq-la_model__envelope_5eba0c9b39ead1ee,Ca,tenfold_strict,-405467.34947838023,Ca-supported,correct
a8r3s4-pqq-la_model__conditioned_La__seed-1_sample-4,a8r3s4-pqq-la_model,a8r3s4-pqq-la_model__envelope_5eba0c9b39ead1ee,Ca,envelope_mathematical,-405479.8710912552,Ca-supported,correct
a8r3s4-pqq-la_model__conditioned_La__seed-1_sample-4,a8r3s4-pqq-la_model,a8r3s4-pqq-la_model__envelope_5eba0c9b39ead1ee,Ca,envelope_operational,-405479.8710912552,Ca-supported,correct
a8r3s4-pqq-la_model__conditioned_La__seed-1_sample-4,a8r3s4-pqq-la_model,a8r3s4-pqq-la_model__envelope_5eba0c9b39ead1ee,Ca,envelope_origin,-405485.5646874005,Ca-supported,correct
a8r3s4-pqq-la_model__conditioned_La__seed-1_sample-4,a8r3s4-pqq-la_model,a8r3s4-pqq-la_model__envelope_5eba0c9b39ead1ee,Ca,released_static,-405476.918550582,Ca-supported,correct
a8r3s4-pqq-la_model__conditioned_La__seed-1_sample-4,a8r3s4-pqq-la_model,a8r3s4-pqq-la_model__envelope_5eba0c9b39ead1ee,Ca,tenfold_precision,-405476.41882267414,Ca-supported,correct
a8r3s4-pqq-la_model__conditioned_La__seed-1_sample-4,a8r3s4-pqq-la_model,a8r3s4-pqq-la_model__envelope_5eba0c9b39ead1ee,Ca,tenfold_strict,-405476.42133032746,Ca-supported,correct
atq70401.1-pqq-la_model__conditioned_La__seed-1_sample-1,atq70401.1-pqq-la_model,atq70401.1-pqq-la_model__envelope_1de9a1c85821aa97,Ca,envelope_mathematical,-405484.8978447319,Ca-supported,correct
atq70401.1-pqq-la_model__conditioned_La__seed-1_sample-1,atq70401.1-pqq-la_model,atq70401.1-pqq-la_model__envelope_1de9a1c85821aa97,Ca,envelope_operational,-405484.8978447319,Ca-supported,correct
atq70401.1-pqq-la_model__conditioned_La__seed-1_sample-1,atq70401.1-pqq-la_model,atq70401.1-pqq-la_model__envelope_1de9a1c85821aa97,Ca,envelope_origin,-405492.90278772597,Ca-supported,correct
atq70401.1-pqq-la_model__conditioned_La__seed-1_sample-1,atq70401.1-pqq-la_model,atq70401.1-pqq-la_model__envelope_1de9a1c85821aa97,Ca,released_static,-405493.7503391556,Ca-supported,correct
atq70401.1-pqq-la_model__conditioned_La__seed-1_sample-1,atq70401.1-pqq-la_model,atq70401.1-pqq-la_model__envelope_1de9a1c85821aa97,Ca,tenfold_precision,-405485.3942981285,Ca-supported,correct
atq70401.1-pqq-la_model__conditioned_La__seed-1_sample-1,atq70401.1-pqq-la_model,atq70401.1-pqq-la_model__envelope_1de9a1c85821aa97,Ca,tenfold_strict,-405485.3615528914,Ca-supported,correct
atq70401.1-pqq-la_model__conditioned_La__seed-1_sample-2,atq70401.1-pqq-la_model,atq70401.1-pqq-la_model__envelope_1de9a1c85821aa97,Ca,envelope_mathematical,-405484.67379950697,Ca-supported,correct
atq70401.1-pqq-la_model__conditioned_La__seed-1_sample-2,atq70401.1-pqq-la_model,atq70401.1-pqq-la_model__envelope_1de9a1c85821aa97,Ca,envelope_operational,-405484.67379950697,Ca-supported,correct
atq70401.1-pqq-la_model__conditioned_La__seed-1_sample-2,atq70401.1-pqq-la_model,atq70401.1-pqq-la_model__envelope_1de9a1c85821aa97,Ca,envelope_origin,-405490.4174543347,Ca-supported,correct
atq70401.1-pqq-la_model__conditioned_La__seed-1_sample-2,atq70401.1-pqq-la_model,atq70401.1-pqq-la_model__envelope_1de9a1c85821aa97,Ca,released_static,-405491.47979093815,Ca-supported,correct
atq70401.1-pqq-la_model__conditioned_La__seed-1_sample-2,atq70401.1-pqq-la_model,atq70401.1-pqq-la_model__envelope_1de9a1c85821aa97,Ca,tenfold_precision,-405485.32517954294,Ca-supported,correct
atq70401.1-pqq-la_model__conditioned_La__seed-1_sample-2,atq70401.1-pqq-la_model,atq70401.1-pqq-la_model__envelope_1de9a1c85821aa97,Ca,tenfold_strict,-405485.3286868904,Ca-supported,correct
atq70401.1-pqq-la_model__conditioned_La__seed-1_sample-3,atq70401.1-pqq-la_model,atq70401.1-pqq-la_model__envelope_1de9a1c85821aa97,Ca,envelope_mathematical,-405489.32005756,Ca-supported,correct
atq70401.1-pqq-la_model__conditioned_La__seed-1_sample-3,atq70401.1-pqq-la_model,atq70401.1-pqq-la_model__envelope_1de9a1c85821aa97,Ca,envelope_operational,-405489.32005756,Ca-supported,correct
atq70401.1-pqq-la_model__conditioned_La__seed-1_sample-3,atq70401.1-pqq-la_model,atq70401.1-pqq-la_model__envelope_1de9a1c85821aa97,Ca,envelope_origin,-405495.8789875044,Ca-supported,correct
atq70401.1-pqq-la_model__conditioned_La__seed-1_sample-3,atq70401.1-pqq-la_model,atq70401.1-pqq-la_model__envelope_1de9a1c85821aa97,Ca,released_static,-405497.12697468954,Ca-supported,correct
atq70401.1-pqq-la_model__conditioned_La__seed-1_sample-3,atq70401.1-pqq-la_model,atq70401.1-pqq-la_model__envelope_1de9a1c85821aa97,Ca,tenfold_precision,-405490.31919507164,Ca-supported,correct
atq70401.1-pqq-la_model__conditioned_La__seed-1_sample-3,atq70401.1-pqq-la_model,atq70401.1-pqq-la_model__envelope_1de9a1c85821aa97,Ca,tenfold_strict,-405490.3005299379,Ca-supported,correct
atq70401.1-pqq-la_model__conditioned_La__seed-1_sample-4,atq70401.1-pqq-la_model,atq70401.1-pqq-la_model__envelope_1de9a1c85821aa97,Ca,envelope_mathematical,-405486.251157077,Ca-supported,correct
atq70401.1-pqq-la_model__conditioned_La__seed-1_sample-4,atq70401.1-pqq-la_model,atq70401.1-pqq-la_model__envelope_1de9a1c85821aa97,Ca,envelope_operational,-405486.251157077,Ca-supported,correct
atq70401.1-pqq-la_model__conditioned_La__seed-1_sample-4,atq70401.1-pqq-la_model,atq70401.1-pqq-la_model__envelope_1de9a1c85821aa97,Ca,envelope_origin,-405497.31716124975,Ca-supported,correct
atq70401.1-pqq-la_model__conditioned_La__seed-1_sample-4,atq70401.1-pqq-la_model,atq70401.1-pqq-la_model__envelope_1de9a1c85821aa97,Ca,released_static,-405499.7635577071,Ca-supported,correct
atq70401.1-pqq-la_model__conditioned_La__seed-1_sample-4,atq70401.1-pqq-la_model,atq70401.1-pqq-la_model__envelope_1de9a1c85821aa97,Ca,tenfold_precision,-405486.73956671625,Ca-supported,correct
atq70401.1-pqq-la_model__conditioned_La__seed-1_sample-4,atq70401.1-pqq-la_model,atq70401.1-pqq-la_model__envelope_1de9a1c85821aa97,Ca,tenfold_strict,-405488.4033164783,Ca-supported,correct
bbl57595.1-pqq-la_model__conditioned_La__seed-1_sample-0,bbl57595.1-pqq-la_model,bbl57595.1-pqq-la_model__envelope_58e1b3ec0c1917b9,Ca,envelope_mathematical,-405486.357469811,Ca-supported,correct
bbl57595.1-pqq-la_model__conditioned_La__seed-1_sample-0,bbl57595.1-pqq-la_model,bbl57595.1-pqq-la_model__envelope_58e1b3ec0c1917b9,Ca,envelope_operational,-405486.357469811,Ca-supported,correct
bbl57595.1-pqq-la_model__conditioned_La__seed-1_sample-0,bbl57595.1-pqq-la_model,bbl57595.1-pqq-la_model__envelope_58e1b3ec0c1917b9,Ca,envelope_origin,-405491.07423442893,Ca-supported,correct
bbl57595.1-pqq-la_model__conditioned_La__seed-1_sample-0,bbl57595.1-pqq-la_model,bbl57595.1-pqq-la_model__envelope_58e1b3ec0c1917b9,Ca,released_static,-405490.12318273896,Ca-supported,correct
bbl57595.1-pqq-la_model__conditioned_La__seed-1_sample-0,bbl57595.1-pqq-la_model,bbl57595.1-pqq-la_model__envelope_58e1b3ec0c1917b9,Ca,tenfold_precision,-405482.13126279565,Ca-supported,correct
bbl57595.1-pqq-la_model__conditioned_La__seed-1_sample-0,bbl57595.1-pqq-la_model,bbl57595.1-pqq-la_model__envelope_58e1b3ec0c1917b9,Ca,tenfold_strict,-405482.1325064253,Ca-supported,correct
bbl57595.1-pqq-la_model__conditioned_La__seed-1_sample-1,bbl57595.1-pqq-la_model,bbl57595.1-pqq-la_model__envelope_58e1b3ec0c1917b9,Ca,envelope_mathematical,-405485.4231672567,Ca-supported,correct
bbl57595.1-pqq-la_model__conditioned_La__seed-1_sample-1,bbl57595.1-pqq-la_model,bbl57595.1-pqq-la_model__envelope_58e1b3ec0c1917b9,Ca,envelope_operational,-405485.4231672567,Ca-supported,correct
bbl57595.1-pqq-la_model__conditioned_La__seed-1_sample-1,bbl57595.1-pqq-la_model,bbl57595.1-pqq-la_model__envelope_58e1b3ec0c1917b9,Ca,envelope_origin,-405494.5857913799,Ca-supported,correct
bbl57595.1-pqq-la_model__conditioned_La__seed-1_sample-1,bbl57595.1-pqq-la_model,bbl57595.1-pqq-la_model__envelope_58e1b3ec0c1917b9,Ca,released_static,-405495.3364744383,Ca-supported,correct
bbl57595.1-pqq-la_model__conditioned_La__seed-1_sample-1,bbl57595.1-pqq-la_model,bbl57595.1-pqq-la_model__envelope_58e1b3ec0c1917b9,Ca,tenfold_precision,-405477.390802208,Ca-supported,correct
bbl57595.1-pqq-la_model__conditioned_La__seed-1_sample-1,bbl57595.1-pqq-la_model,bbl57595.1-pqq-la_model__envelope_58e1b3ec0c1917b9,Ca,tenfold_strict,-405482.07010661816,Ca-supported,correct
bbl57595.1-pqq-la_model__conditioned_La__seed-1_sample-3,bbl57595.1-pqq-la_model,bbl57595.1-pqq-la_model__envelope_58e1b3ec0c1917b9,Ca,envelope_mathematical,-405484.47424014343,Ca-supported,correct
bbl57595.1-pqq-la_model__conditioned_La__seed-1_sample-3,bbl57595.1-pqq-la_model,bbl57595.1-pqq-la_model__envelope_58e1b3ec0c1917b9,Ca,envelope_operational,-405484.47424014343,Ca-supported,correct
bbl57595.1-pqq-la_model__conditioned_La__seed-1_sample-3,bbl57595.1-pqq-la_model,bbl57595.1-pqq-la_model__envelope_58e1b3ec0c1917b9,Ca,envelope_origin,-405494.47702370014,Ca-supported,correct
bbl57595.1-pqq-la_model__conditioned_La__seed-1_sample-3,bbl57595.1-pqq-la_model,bbl57595.1-pqq-la_model__envelope_58e1b3ec0c1917b9,Ca,released_static,-405492.96858367196,Ca-supported,correct
bbl57595.1-pqq-la_model__conditioned_La__seed-1_sample-3,bbl57595.1-pqq-la_model,bbl57595.1-pqq-la_model__envelope_58e1b3ec0c1917b9,Ca,tenfold_precision,-405482.64081090555,Ca-supported,correct
bbl57595.1-pqq-la_model__conditioned_La__seed-1_sample-3,bbl57595.1-pqq-la_model,bbl57595.1-pqq-la_model__envelope_58e1b3ec0c1917b9,Ca,tenfold_strict,-405482.64118324145,Ca-supported,correct
bbl57595.1-pqq-la_model__conditioned_La__seed-1_sample-4,bbl57595.1-pqq-la_model,bbl57595.1-pqq-la_model__envelope_58e1b3ec0c1917b9,Ca,envelope_mathematical,-405485.78748238256,Ca-supported,correct
bbl57595.1-pqq-la_model__conditioned_La__seed-1_sample-4,bbl57595.1-pqq-la_model,bbl57595.1-pqq-la_model__envelope_58e1b3ec0c1917b9,Ca,envelope_operational,-405485.78748238256,Ca-supported,correct
bbl57595.1-pqq-la_model__conditioned_La__seed-1_sample-4,bbl57595.1-pqq-la_model,bbl57595.1-pqq-la_model__envelope_58e1b3ec0c1917b9,Ca,envelope_origin,-405494.4448147295,Ca-supported,correct
bbl57595.1-pqq-la_model__conditioned_La__seed-1_sample-4,bbl57595.1-pqq-la_model,bbl57595.1-pqq-la_model__envelope_58e1b3ec0c1917b9,Ca,released_static,-405492.6309236791,Ca-supported,correct
bbl57595.1-pqq-la_model__conditioned_La__seed-1_sample-4,bbl57595.1-pqq-la_model,bbl57595.1-pqq-la_model__envelope_58e1b3ec0c1917b9,Ca,tenfold_precision,-405483.62739292445,Ca-supported,correct
bbl57595.1-pqq-la_model__conditioned_La__seed-1_sample-4,bbl57595.1-pqq-la_model,bbl57595.1-pqq-la_model__envelope_58e1b3ec0c1917b9,Ca,tenfold_strict,-405483.6287335583,Ca-supported,correct
c5atj3-pqq-la_model__conditioned_La__seed-1_sample-0,c5atj3-pqq-la_model,c5atj3-pqq-la_model__envelope_531a4a67d5ba9360,La,envelope_mathematical,-405435.9417208932,La-supported,correct
c5atj3-pqq-la_model__conditioned_La__seed-1_sample-0,c5atj3-pqq-la_model,c5atj3-pqq-la_model__envelope_531a4a67d5ba9360,La,envelope_operational,-405435.9417208932,La-supported,correct
c5atj3-pqq-la_model__conditioned_La__seed-1_sample-0,c5atj3-pqq-la_model,c5atj3-pqq-la_model__envelope_531a4a67d5ba9360,La,envelope_origin,-405438.7429294598,La-supported,correct
c5atj3-pqq-la_model__conditioned_La__seed-1_sample-0,c5atj3-pqq-la_model,c5atj3-pqq-la_model__envelope_531a4a67d5ba9360,La,released_static,-405438.5586343447,La-supported,correct
c5atj3-pqq-la_model__conditioned_La__seed-1_sample-0,c5atj3-pqq-la_model,c5atj3-pqq-la_model__envelope_531a4a67d5ba9360,La,tenfold_precision,-405436.1791406948,La-supported,correct
c5atj3-pqq-la_model__conditioned_La__seed-1_sample-0,c5atj3-pqq-la_model,c5atj3-pqq-la_model__envelope_531a4a67d5ba9360,La,tenfold_strict,-405436.17902176105,La-supported,correct
c5atj3-pqq-la_model__conditioned_La__seed-1_sample-1,c5atj3-pqq-la_model,c5atj3-pqq-la_model__envelope_531a4a67d5ba9360,La,envelope_mathematical,-405434.7146661482,La-supported,correct
c5atj3-pqq-la_model__conditioned_La__seed-1_sample-1,c5atj3-pqq-la_model,c5atj3-pqq-la_model__envelope_531a4a67d5ba9360,La,envelope_operational,-405434.7146661482,La-supported,correct
c5atj3-pqq-la_model__conditioned_La__seed-1_sample-1,c5atj3-pqq-la_model,c5atj3-pqq-la_model__envelope_531a4a67d5ba9360,La,envelope_origin,-405438.28180769534,La-supported,correct
c5atj3-pqq-la_model__conditioned_La__seed-1_sample-1,c5atj3-pqq-la_model,c5atj3-pqq-la_model__envelope_531a4a67d5ba9360,La,released_static,-405433.0672372624,La-supported,correct
c5atj3-pqq-la_model__conditioned_La__seed-1_sample-1,c5atj3-pqq-la_model,c5atj3-pqq-la_model__envelope_531a4a67d5ba9360,La,tenfold_precision,-405429.5415357429,La-supported,correct
c5atj3-pqq-la_model__conditioned_La__seed-1_sample-1,c5atj3-pqq-la_model,c5atj3-pqq-la_model__envelope_531a4a67d5ba9360,La,tenfold_strict,-405429.5424612396,La-supported,correct
c5atj3-pqq-la_model__conditioned_La__seed-1_sample-3,c5atj3-pqq-la_model,c5atj3-pqq-la_model__envelope_531a4a67d5ba9360,La,envelope_mathematical,-405447.09995744127,La-supported,correct
c5atj3-pqq-la_model__conditioned_La__seed-1_sample-3,c5atj3-pqq-la_model,c5atj3-pqq-la_model__envelope_531a4a67d5ba9360,La,envelope_operational,-405447.09995744127,La-supported,correct
c5atj3-pqq-la_model__conditioned_La__seed-1_sample-3,c5atj3-pqq-la_model,c5atj3-pqq-la_model__envelope_531a4a67d5ba9360,La,envelope_origin,-405449.5554116088,La-supported,correct
c5atj3-pqq-la_model__conditioned_La__seed-1_sample-3,c5atj3-pqq-la_model,c5atj3-pqq-la_model__envelope_531a4a67d5ba9360,La,released_static,-405445.02775568987,La-supported,correct
c5atj3-pqq-la_model__conditioned_La__seed-1_sample-3,c5atj3-pqq-la_model,c5atj3-pqq-la_model__envelope_531a4a67d5ba9360,La,tenfold_precision,-405440.8450766269,La-supported,correct
c5atj3-pqq-la_model__conditioned_La__seed-1_sample-3,c5atj3-pqq-la_model,c5atj3-pqq-la_model__envelope_531a4a67d5ba9360,La,tenfold_strict,-405440.8465313872,La-supported,correct
c5atj3-pqq-la_model__conditioned_La__seed-1_sample-4,c5atj3-pqq-la_model,c5atj3-pqq-la_model__envelope_531a4a67d5ba9360,La,envelope_mathematical,-405442.8169553422,La-supported,correct
c5atj3-pqq-la_model__conditioned_La__seed-1_sample-4,c5atj3-pqq-la_model,c5atj3-pqq-la_model__envelope_531a4a67d5ba9360,La,envelope_operational,-405442.8169553422,La-supported,correct
c5atj3-pqq-la_model__conditioned_La__seed-1_sample-4,c5atj3-pqq-la_model,c5atj3-pqq-la_model__envelope_531a4a67d5ba9360,La,envelope_origin,-405443.59339367296,La-supported,correct
c5atj3-pqq-la_model__conditioned_La__seed-1_sample-4,c5atj3-pqq-la_model,c5atj3-pqq-la_model__envelope_531a4a67d5ba9360,La,released_static,-405440.06205581996,La-supported,correct
c5atj3-pqq-la_model__conditioned_La__seed-1_sample-4,c5atj3-pqq-la_model,c5atj3-pqq-la_model__envelope_531a4a67d5ba9360,La,tenfold_precision,-405437.7305880537,La-supported,correct
c5atj3-pqq-la_model__conditioned_La__seed-1_sample-4,c5atj3-pqq-la_model,c5atj3-pqq-la_model__envelope_531a4a67d5ba9360,La,tenfold_strict,-405437.757312537,La-supported,correct
c5axv8-pqq-la_model__conditioned_La__seed-1_sample-0,c5axv8-pqq-la_model,c5axv8-pqq-la_model__envelope_aa36ec84c4cbdc62,La,envelope_mathematical,-405449.3636766567,La-supported,correct
c5axv8-pqq-la_model__conditioned_La__seed-1_sample-0,c5axv8-pqq-la_model,c5axv8-pqq-la_model__envelope_aa36ec84c4cbdc62,La,envelope_operational,-405449.3636766567,La-supported,correct
c5axv8-pqq-la_model__conditioned_La__seed-1_sample-0,c5axv8-pqq-la_model,c5axv8-pqq-la_model__envelope_aa36ec84c4cbdc62,La,envelope_origin,-405451.8698602955,La-supported,correct
c5axv8-pqq-la_model__conditioned_La__seed-1_sample-0,c5axv8-pqq-la_model,c5axv8-pqq-la_model__envelope_aa36ec84c4cbdc62,La,released_static,-405453.6711550984,La-supported,correct
c5axv8-pqq-la_model__conditioned_La__seed-1_sample-0,c5axv8-pqq-la_model,c5axv8-pqq-la_model__envelope_aa36ec84c4cbdc62,La,tenfold_precision,-405452.23390774336,La-supported,correct
c5axv8-pqq-la_model__conditioned_La__seed-1_sample-0,c5axv8-pqq-la_model,c5axv8-pqq-la_model__envelope_aa36ec84c4cbdc62,La,tenfold_strict,-405452.23629611597,La-supported,correct
c5axv8-pqq-la_model__conditioned_La__seed-1_sample-2,c5axv8-pqq-la_model,c5axv8-pqq-la_model__envelope_aa36ec84c4cbdc62,La,envelope_mathematical,-405444.86393897526,La-supported,correct
c5axv8-pqq-la_model__conditioned_La__seed-1_sample-2,c5axv8-pqq-la_model,c5axv8-pqq-la_model__envelope_aa36ec84c4cbdc62,La,envelope_operational,-405444.86393897526,La-supported,correct
c5axv8-pqq-la_model__conditioned_La__seed-1_sample-2,c5axv8-pqq-la_model,c5axv8-pqq-la_model__envelope_aa36ec84c4cbdc62,La,envelope_origin,-405447.47565564734,La-supported,correct
c5axv8-pqq-la_model__conditioned_La__seed-1_sample-2,c5axv8-pqq-la_model,c5axv8-pqq-la_model__envelope_aa36ec84c4cbdc62,La,released_static,-405457.50423368585,La-supported,correct
c5axv8-pqq-la_model__conditioned_La__seed-1_sample-2,c5axv8-pqq-la_model,c5axv8-pqq-la_model__envelope_aa36ec84c4cbdc62,La,tenfold_precision,-405445.1069581029,La-supported,correct
c5axv8-pqq-la_model__conditioned_La__seed-1_sample-2,c5axv8-pqq-la_model,c5axv8-pqq-la_model__envelope_aa36ec84c4cbdc62,La,tenfold_strict,-405445.1072399564,La-supported,correct
c5axv8-pqq-la_model__conditioned_La__seed-1_sample-3,c5axv8-pqq-la_model,c5axv8-pqq-la_model__envelope_aa36ec84c4cbdc62,La,envelope_mathematical,-405458.6624656549,inconclusive,inconclusive
c5axv8-pqq-la_model__conditioned_La__seed-1_sample-3,c5axv8-pqq-la_model,c5axv8-pqq-la_model__envelope_aa36ec84c4cbdc62,La,envelope_operational,-405458.6624656549,inconclusive,inconclusive
c5axv8-pqq-la_model__conditioned_La__seed-1_sample-3,c5axv8-pqq-la_model,c5axv8-pqq-la_model__envelope_aa36ec84c4cbdc62,La,envelope_origin,-405458.2225789111,inconclusive,inconclusive
c5axv8-pqq-la_model__conditioned_La__seed-1_sample-3,c5axv8-pqq-la_model,c5axv8-pqq-la_model__envelope_aa36ec84c4cbdc62,La,released_static,-405457.7122871559,La-supported,correct
c5axv8-pqq-la_model__conditioned_La__seed-1_sample-3,c5axv8-pqq-la_model,c5axv8-pqq-la_model__envelope_aa36ec84c4cbdc62,La,tenfold_precision,-405457.8481208335,inconclusive,inconclusive
c5axv8-pqq-la_model__conditioned_La__seed-1_sample-3,c5axv8-pqq-la_model,c5axv8-pqq-la_model__envelope_aa36ec84c4cbdc62,La,tenfold_strict,-405457.8483346661,inconclusive,inconclusive
c5axv8-pqq-la_model__conditioned_La__seed-1_sample-4,c5axv8-pqq-la_model,c5axv8-pqq-la_model__envelope_aa36ec84c4cbdc62,La,envelope_mathematical,-405434.0981720418,La-supported,correct
c5axv8-pqq-la_model__conditioned_La__seed-1_sample-4,c5axv8-pqq-la_model,c5axv8-pqq-la_model__envelope_aa36ec84c4cbdc62,La,envelope_operational,-405434.0981720418,La-supported,correct
c5axv8-pqq-la_model__conditioned_La__seed-1_sample-4,c5axv8-pqq-la_model,c5axv8-pqq-la_model__envelope_aa36ec84c4cbdc62,La,envelope_origin,-405432.838965763,La-supported,correct
c5axv8-pqq-la_model__conditioned_La__seed-1_sample-4,c5axv8-pqq-la_model,c5axv8-pqq-la_model__envelope_aa36ec84c4cbdc62,La,released_static,-405433.5802758414,La-supported,correct
c5axv8-pqq-la_model__conditioned_La__seed-1_sample-4,c5axv8-pqq-la_model,c5axv8-pqq-la_model__envelope_aa36ec84c4cbdc62,La,tenfold_precision,-405435.35766761814,La-supported,correct
c5axv8-pqq-la_model__conditioned_La__seed-1_sample-4,c5axv8-pqq-la_model,c5axv8-pqq-la_model__envelope_aa36ec84c4cbdc62,La,tenfold_strict,-405435.35827872076,La-supported,correct
c5b120-pqq-la_model__conditioned_La__seed-1_sample-1,c5b120-pqq-la_model,c5b120-pqq-la_model__envelope_9a8c10eba2ec7e13,La,envelope_mathematical,-405446.39308917924,La-supported,correct
c5b120-pqq-la_model__conditioned_La__seed-1_sample-1,c5b120-pqq-la_model,c5b120-pqq-la_model__envelope_9a8c10eba2ec7e13,La,envelope_operational,-405446.39308917924,La-supported,correct
c5b120-pqq-la_model__conditioned_La__seed-1_sample-1,c5b120-pqq-la_model,c5b120-pqq-la_model__envelope_9a8c10eba2ec7e13,La,envelope_origin,-405448.75116197846,La-supported,correct
c5b120-pqq-la_model__conditioned_La__seed-1_sample-1,c5b120-pqq-la_model,c5b120-pqq-la_model__envelope_9a8c10eba2ec7e13,La,released_static,-405445.3993688091,La-supported,correct
c5b120-pqq-la_model__conditioned_La__seed-1_sample-1,c5b120-pqq-la_model,c5b120-pqq-la_model__envelope_9a8c10eba2ec7e13,La,tenfold_precision,-405443.649910662,La-supported,correct
c5b120-pqq-la_model__conditioned_La__seed-1_sample-1,c5b120-pqq-la_model,c5b120-pqq-la_model__envelope_9a8c10eba2ec7e13,La,tenfold_strict,-405443.66546352126,La-supported,correct
c5b120-pqq-la_model__conditioned_La__seed-1_sample-2,c5b120-pqq-la_model,c5b120-pqq-la_model__envelope_9a8c10eba2ec7e13,La,envelope_mathematical,-405444.470112471,La-supported,correct
c5b120-pqq-la_model__conditioned_La__seed-1_sample-2,c5b120-pqq-la_model,c5b120-pqq-la_model__envelope_9a8c10eba2ec7e13,La,envelope_operational,-405444.470112471,La-supported,correct
c5b120-pqq-la_model__conditioned_La__seed-1_sample-2,c5b120-pqq-la_model,c5b120-pqq-la_model__envelope_9a8c10eba2ec7e13,La,envelope_origin,-405445.2637130717,La-supported,correct
c5b120-pqq-la_model__conditioned_La__seed-1_sample-2,c5b120-pqq-la_model,c5b120-pqq-la_model__envelope_9a8c10eba2ec7e13,La,released_static,-405441.18170415063,La-supported,correct
c5b120-pqq-la_model__conditioned_La__seed-1_sample-2,c5b120-pqq-la_model,c5b120-pqq-la_model__envelope_9a8c10eba2ec7e13,La,tenfold_precision,-405441.721932989,La-supported,correct
c5b120-pqq-la_model__conditioned_La__seed-1_sample-2,c5b120-pqq-la_model,c5b120-pqq-la_model__envelope_9a8c10eba2ec7e13,La,tenfold_strict,-405441.7237451724,La-supported,correct
c5b120-pqq-la_model__conditioned_La__seed-1_sample-3,c5b120-pqq-la_model,c5b120-pqq-la_model__envelope_9a8c10eba2ec7e13,La,envelope_mathematical,-405445.83703273936,La-supported,correct
c5b120-pqq-la_model__conditioned_La__seed-1_sample-3,c5b120-pqq-la_model,c5b120-pqq-la_model__envelope_9a8c10eba2ec7e13,La,envelope_operational,-405445.83703273936,La-supported,correct
c5b120-pqq-la_model__conditioned_La__seed-1_sample-3,c5b120-pqq-la_model,c5b120-pqq-la_model__envelope_9a8c10eba2ec7e13,La,envelope_origin,-405451.0821134874,La-supported,correct
c5b120-pqq-la_model__conditioned_La__seed-1_sample-3,c5b120-pqq-la_model,c5b120-pqq-la_model__envelope_9a8c10eba2ec7e13,La,released_static,-405447.0917073845,La-supported,correct
c5b120-pqq-la_model__conditioned_La__seed-1_sample-3,c5b120-pqq-la_model,c5b120-pqq-la_model__envelope_9a8c10eba2ec7e13,La,tenfold_precision,-405441.87836706295,La-supported,correct
c5b120-pqq-la_model__conditioned_La__seed-1_sample-3,c5b120-pqq-la_model,c5b120-pqq-la_model__envelope_9a8c10eba2ec7e13,La,tenfold_strict,-405441.89438462566,La-supported,correct
c5b120-pqq-la_model__conditioned_La__seed-1_sample-4,c5b120-pqq-la_model,c5b120-pqq-la_model__envelope_9a8c10eba2ec7e13,La,envelope_mathematical,-405441.6926008881,La-supported,correct
c5b120-pqq-la_model__conditioned_La__seed-1_sample-4,c5b120-pqq-la_model,c5b120-pqq-la_model__envelope_9a8c10eba2ec7e13,La,envelope_operational,-405441.6926008881,La-supported,correct
c5b120-pqq-la_model__conditioned_La__seed-1_sample-4,c5b120-pqq-la_model,c5b120-pqq-la_model__envelope_9a8c10eba2ec7e13,La,envelope_origin,-405444.29171916295,La-supported,correct
c5b120-pqq-la_model__conditioned_La__seed-1_sample-4,c5b120-pqq-la_model,c5b120-pqq-la_model__envelope_9a8c10eba2ec7e13,La,released_static,-405440.74025554507,La-supported,correct
c5b120-pqq-la_model__conditioned_La__seed-1_sample-4,c5b120-pqq-la_model,c5b120-pqq-la_model__envelope_9a8c10eba2ec7e13,La,tenfold_precision,-405438.6830528847,La-supported,correct
c5b120-pqq-la_model__conditioned_La__seed-1_sample-4,c5b120-pqq-la_model,c5b120-pqq-la_model__envelope_9a8c10eba2ec7e13,La,tenfold_strict,-405438.68320284935,La-supported,correct
i0jwn7-pqq-la_model__conditioned_La__seed-1_sample-0,i0jwn7-pqq-la_model,i0jwn7-pqq-la_model__envelope_8a96291197228b6f,La,envelope_mathematical,-405445.30297997344,La-supported,correct
i0jwn7-pqq-la_model__conditioned_La__seed-1_sample-0,i0jwn7-pqq-la_model,i0jwn7-pqq-la_model__envelope_8a96291197228b6f,La,envelope_operational,-405445.30297997344,La-supported,correct
i0jwn7-pqq-la_model__conditioned_La__seed-1_sample-0,i0jwn7-pqq-la_model,i0jwn7-pqq-la_model__envelope_8a96291197228b6f,La,envelope_origin,-405444.387465473,La-supported,correct
i0jwn7-pqq-la_model__conditioned_La__seed-1_sample-0,i0jwn7-pqq-la_model,i0jwn7-pqq-la_model__envelope_8a96291197228b6f,La,released_static,-405446.11137778964,La-supported,correct
i0jwn7-pqq-la_model__conditioned_La__seed-1_sample-0,i0jwn7-pqq-la_model,i0jwn7-pqq-la_model__envelope_8a96291197228b6f,La,tenfold_precision,-405445.722533952,La-supported,correct
i0jwn7-pqq-la_model__conditioned_La__seed-1_sample-0,i0jwn7-pqq-la_model,i0jwn7-pqq-la_model__envelope_8a96291197228b6f,La,tenfold_strict,-405445.72227993363,La-supported,correct
i0jwn7-pqq-la_model__conditioned_La__seed-1_sample-1,i0jwn7-pqq-la_model,i0jwn7-pqq-la_model__envelope_8a96291197228b6f,La,envelope_mathematical,-405446.2585096471,La-supported,correct
i0jwn7-pqq-la_model__conditioned_La__seed-1_sample-1,i0jwn7-pqq-la_model,i0jwn7-pqq-la_model__envelope_8a96291197228b6f,La,envelope_operational,-405446.2585096471,La-supported,correct
i0jwn7-pqq-la_model__conditioned_La__seed-1_sample-1,i0jwn7-pqq-la_model,i0jwn7-pqq-la_model__envelope_8a96291197228b6f,La,envelope_origin,-405445.08187114476,La-supported,correct
i0jwn7-pqq-la_model__conditioned_La__seed-1_sample-1,i0jwn7-pqq-la_model,i0jwn7-pqq-la_model__envelope_8a96291197228b6f,La,released_static,-405441.59978374036,La-supported,correct
i0jwn7-pqq-la_model__conditioned_La__seed-1_sample-1,i0jwn7-pqq-la_model,i0jwn7-pqq-la_model__envelope_8a96291197228b6f,La,tenfold_precision,-405441.7321152647,La-supported,correct
i0jwn7-pqq-la_model__conditioned_La__seed-1_sample-1,i0jwn7-pqq-la_model,i0jwn7-pqq-la_model__envelope_8a96291197228b6f,La,tenfold_strict,-405441.7285691534,La-supported,correct
i0jwn7-pqq-la_model__conditioned_La__seed-1_sample-2,i0jwn7-pqq-la_model,i0jwn7-pqq-la_model__envelope_8a96291197228b6f,La,envelope_mathematical,-405444.2234268725,La-supported,correct
i0jwn7-pqq-la_model__conditioned_La__seed-1_sample-2,i0jwn7-pqq-la_model,i0jwn7-pqq-la_model__envelope_8a96291197228b6f,La,envelope_operational,-405444.2234268725,La-supported,correct
i0jwn7-pqq-la_model__conditioned_La__seed-1_sample-2,i0jwn7-pqq-la_model,i0jwn7-pqq-la_model__envelope_8a96291197228b6f,La,envelope_origin,-405442.72114566347,La-supported,correct
i0jwn7-pqq-la_model__conditioned_La__seed-1_sample-2,i0jwn7-pqq-la_model,i0jwn7-pqq-la_model__envelope_8a96291197228b6f,La,released_static,-405439.51172363845,La-supported,correct
i0jwn7-pqq-la_model__conditioned_La__seed-1_sample-2,i0jwn7-pqq-la_model,i0jwn7-pqq-la_model__envelope_8a96291197228b6f,La,tenfold_precision,-405443.6386130237,La-supported,correct
i0jwn7-pqq-la_model__conditioned_La__seed-1_sample-2,i0jwn7-pqq-la_model,i0jwn7-pqq-la_model__envelope_8a96291197228b6f,La,tenfold_strict,-405443.6383575457,La-supported,correct
i0jwn7-pqq-la_model__conditioned_La__seed-1_sample-4,i0jwn7-pqq-la_model,i0jwn7-pqq-la_model__envelope_8a96291197228b6f,La,envelope_mathematical,-405437.84687862924,La-supported,correct
i0jwn7-pqq-la_model__conditioned_La__seed-1_sample-4,i0jwn7-pqq-la_model,i0jwn7-pqq-la_model__envelope_8a96291197228b6f,La,envelope_operational,-405437.84687862924,La-supported,correct
i0jwn7-pqq-la_model__conditioned_La__seed-1_sample-4,i0jwn7-pqq-la_model,i0jwn7-pqq-la_model__envelope_8a96291197228b6f,La,envelope_origin,-405441.0766332857,La-supported,correct
i0jwn7-pqq-la_model__conditioned_La__seed-1_sample-4,i0jwn7-pqq-la_model,i0jwn7-pqq-la_model__envelope_8a96291197228b6f,La,released_static,-405438.5476186973,La-supported,correct
i0jwn7-pqq-la_model__conditioned_La__seed-1_sample-4,i0jwn7-pqq-la_model,i0jwn7-pqq-la_model__envelope_8a96291197228b6f,La,tenfold_precision,-405434.9003406433,La-supported,correct
i0jwn7-pqq-la_model__conditioned_La__seed-1_sample-4,i0jwn7-pqq-la_model,i0jwn7-pqq-la_model__envelope_8a96291197228b6f,La,tenfold_strict,-405434.9014840296,La-supported,correct
mmol_1770-pqq-la_model__conditioned_La__seed-1_sample-0,mmol_1770-pqq-la_model,mmol_1770-pqq-la_model__envelope_5063ec4e8b07a456,La,envelope_mathematical,-405448.5472063579,La-supported,correct
mmol_1770-pqq-la_model__conditioned_La__seed-1_sample-0,mmol_1770-pqq-la_model,mmol_1770-pqq-la_model__envelope_5063ec4e8b07a456,La,envelope_operational,-405448.5472063579,La-supported,correct
mmol_1770-pqq-la_model__conditioned_La__seed-1_sample-0,mmol_1770-pqq-la_model,mmol_1770-pqq-la_model__envelope_5063ec4e8b07a456,La,envelope_origin,-405452.53524148435,La-supported,correct
mmol_1770-pqq-la_model__conditioned_La__seed-1_sample-0,mmol_1770-pqq-la_model,mmol_1770-pqq-la_model__envelope_5063ec4e8b07a456,La,released_static,-405449.3841439595,La-supported,correct
mmol_1770-pqq-la_model__conditioned_La__seed-1_sample-0,mmol_1770-pqq-la_model,mmol_1770-pqq-la_model__envelope_5063ec4e8b07a456,La,tenfold_precision,-405444.92192211427,La-supported,correct
mmol_1770-pqq-la_model__conditioned_La__seed-1_sample-0,mmol_1770-pqq-la_model,mmol_1770-pqq-la_model__envelope_5063ec4e8b07a456,La,tenfold_strict,-405444.91498551855,La-supported,correct
mmol_1770-pqq-la_model__conditioned_La__seed-1_sample-1,mmol_1770-pqq-la_model,mmol_1770-pqq-la_model__envelope_5063ec4e8b07a456,La,envelope_mathematical,-405431.69369607343,La-supported,correct
mmol_1770-pqq-la_model__conditioned_La__seed-1_sample-1,mmol_1770-pqq-la_model,mmol_1770-pqq-la_model__envelope_5063ec4e8b07a456,La,envelope_operational,-405431.69369607343,La-supported,correct
mmol_1770-pqq-la_model__conditioned_La__seed-1_sample-1,mmol_1770-pqq-la_model,mmol_1770-pqq-la_model__envelope_5063ec4e8b07a456,La,envelope_origin,-405438.11672157375,La-supported,correct
mmol_1770-pqq-la_model__conditioned_La__seed-1_sample-1,mmol_1770-pqq-la_model,mmol_1770-pqq-la_model__envelope_5063ec4e8b07a456,La,released_static,-405434.2603560621,La-supported,correct
mmol_1770-pqq-la_model__conditioned_La__seed-1_sample-1,mmol_1770-pqq-la_model,mmol_1770-pqq-la_model__envelope_5063ec4e8b07a456,La,tenfold_precision,-405427.55189560796,La-supported,correct
mmol_1770-pqq-la_model__conditioned_La__seed-1_sample-1,mmol_1770-pqq-la_model,mmol_1770-pqq-la_model__envelope_5063ec4e8b07a456,La,tenfold_strict,-405427.5180245146,La-supported,correct
mmol_1770-pqq-la_model__conditioned_La__seed-1_sample-2,mmol_1770-pqq-la_model,mmol_1770-pqq-la_model__envelope_5063ec4e8b07a456,La,envelope_mathematical,-405441.59724507615,La-supported,correct
mmol_1770-pqq-la_model__conditioned_La__seed-1_sample-2,mmol_1770-pqq-la_model,mmol_1770-pqq-la_model__envelope_5063ec4e8b07a456,La,envelope_operational,-405441.59724507615,La-supported,correct
mmol_1770-pqq-la_model__conditioned_La__seed-1_sample-2,mmol_1770-pqq-la_model,mmol_1770-pqq-la_model__envelope_5063ec4e8b07a456,La,envelope_origin,-405443.08423018205,La-supported,correct
mmol_1770-pqq-la_model__conditioned_La__seed-1_sample-2,mmol_1770-pqq-la_model,mmol_1770-pqq-la_model__envelope_5063ec4e8b07a456,La,released_static,-405439.8522292391,La-supported,correct
mmol_1770-pqq-la_model__conditioned_La__seed-1_sample-2,mmol_1770-pqq-la_model,mmol_1770-pqq-la_model__envelope_5063ec4e8b07a456,La,tenfold_precision,-405439.4369028724,La-supported,correct
mmol_1770-pqq-la_model__conditioned_La__seed-1_sample-2,mmol_1770-pqq-la_model,mmol_1770-pqq-la_model__envelope_5063ec4e8b07a456,La,tenfold_strict,-405439.4364846185,La-supported,correct
mmol_2048-pqq-la_model__conditioned_La__seed-1_sample-0,mmol_2048-pqq-la_model,mmol_2048-pqq-la_model__envelope_b2b70954adaf23d6,La,envelope_mathematical,-405452.9132402849,La-supported,correct
mmol_2048-pqq-la_model__conditioned_La__seed-1_sample-0,mmol_2048-pqq-la_model,mmol_2048-pqq-la_model__envelope_b2b70954adaf23d6,La,envelope_operational,-405452.9132402849,La-supported,correct
mmol_2048-pqq-la_model__conditioned_La__seed-1_sample-0,mmol_2048-pqq-la_model,mmol_2048-pqq-la_model__envelope_b2b70954adaf23d6,La,envelope_origin,-405452.3533793957,La-supported,correct
mmol_2048-pqq-la_model__conditioned_La__seed-1_sample-0,mmol_2048-pqq-la_model,mmol_2048-pqq-la_model__envelope_b2b70954adaf23d6,La,released_static,-405449.13780646055,La-supported,correct
mmol_2048-pqq-la_model__conditioned_La__seed-1_sample-0,mmol_2048-pqq-la_model,mmol_2048-pqq-la_model__envelope_b2b70954adaf23d6,La,tenfold_precision,-405449.9792696303,La-supported,correct
mmol_2048-pqq-la_model__conditioned_La__seed-1_sample-0,mmol_2048-pqq-la_model,mmol_2048-pqq-la_model__envelope_b2b70954adaf23d6,La,tenfold_strict,-405449.977572561,La-supported,correct
mmol_2048-pqq-la_model__conditioned_La__seed-1_sample-1,mmol_2048-pqq-la_model,mmol_2048-pqq-la_model__envelope_b2b70954adaf23d6,La,envelope_mathematical,-405437.7256154468,La-supported,correct
mmol_2048-pqq-la_model__conditioned_La__seed-1_sample-1,mmol_2048-pqq-la_model,mmol_2048-pqq-la_model__envelope_b2b70954adaf23d6,La,envelope_operational,-405437.7256154468,La-supported,correct
mmol_2048-pqq-la_model__conditioned_La__seed-1_sample-1,mmol_2048-pqq-la_model,mmol_2048-pqq-la_model__envelope_b2b70954adaf23d6,La,envelope_origin,-405442.29623527074,La-supported,correct
mmol_2048-pqq-la_model__conditioned_La__seed-1_sample-1,mmol_2048-pqq-la_model,mmol_2048-pqq-la_model__envelope_b2b70954adaf23d6,La,released_static,-405449.49736814806,La-supported,correct
mmol_2048-pqq-la_model__conditioned_La__seed-1_sample-1,mmol_2048-pqq-la_model,mmol_2048-pqq-la_model__envelope_b2b70954adaf23d6,La,tenfold_precision,-405434.7710092808,La-supported,correct
mmol_2048-pqq-la_model__conditioned_La__seed-1_sample-1,mmol_2048-pqq-la_model,mmol_2048-pqq-la_model__envelope_b2b70954adaf23d6,La,tenfold_strict,-405434.77084686066,La-supported,correct
mmol_2048-pqq-la_model__conditioned_La__seed-1_sample-2,mmol_2048-pqq-la_model,mmol_2048-pqq-la_model__envelope_b2b70954adaf23d6,La,envelope_mathematical,-405439.24878606916,La-supported,correct
mmol_2048-pqq-la_model__conditioned_La__seed-1_sample-2,mmol_2048-pqq-la_model,mmol_2048-pqq-la_model__envelope_b2b70954adaf23d6,La,envelope_operational,-405439.24878606916,La-supported,correct
mmol_2048-pqq-la_model__conditioned_La__seed-1_sample-2,mmol_2048-pqq-la_model,mmol_2048-pqq-la_model__envelope_b2b70954adaf23d6,La,envelope_origin,-405442.7120179116,La-supported,correct
mmol_2048-pqq-la_model__conditioned_La__seed-1_sample-2,mmol_2048-pqq-la_model,mmol_2048-pqq-la_model__envelope_b2b70954adaf23d6,La,released_static,-405438.33706382365,La-supported,correct
mmol_2048-pqq-la_model__conditioned_La__seed-1_sample-2,mmol_2048-pqq-la_model,mmol_2048-pqq-la_model__envelope_b2b70954adaf23d6,La,tenfold_precision,-405435.9366359115,La-supported,correct
mmol_2048-pqq-la_model__conditioned_La__seed-1_sample-2,mmol_2048-pqq-la_model,mmol_2048-pqq-la_model__envelope_b2b70954adaf23d6,La,tenfold_strict,-405435.93704209157,La-supported,correct
mmol_2048-pqq-la_model__conditioned_La__seed-1_sample-3,mmol_2048-pqq-la_model,mmol_2048-pqq-la_model__envelope_b2b70954adaf23d6,La,envelope_mathematical,-405431.14048937155,La-supported,correct
mmol_2048-pqq-la_model__conditioned_La__seed-1_sample-3,mmol_2048-pqq-la_model,mmol_2048-pqq-la_model__envelope_b2b70954adaf23d6,La,envelope_operational,-405431.14048937155,La-supported,correct
mmol_2048-pqq-la_model__conditioned_La__seed-1_sample-3,mmol_2048-pqq-la_model,mmol_2048-pqq-la_model__envelope_b2b70954adaf23d6,La,envelope_origin,-405433.76260067686,La-supported,correct
mmol_2048-pqq-la_model__conditioned_La__seed-1_sample-3,mmol_2048-pqq-la_model,mmol_2048-pqq-la_model__envelope_b2b70954adaf23d6,La,released_static,-405430.5480514563,La-supported,correct
mmol_2048-pqq-la_model__conditioned_La__seed-1_sample-3,mmol_2048-pqq-la_model,mmol_2048-pqq-la_model__envelope_b2b70954adaf23d6,La,tenfold_precision,-405428.03527258383,La-supported,correct
mmol_2048-pqq-la_model__conditioned_La__seed-1_sample-3,mmol_2048-pqq-la_model,mmol_2048-pqq-la_model__envelope_b2b70954adaf23d6,La,tenfold_strict,-405428.0350335793,La-supported,correct
o24759-pqq-la_model__conditioned_La__seed-1_sample-0,o24759-pqq-la_model,o24759-pqq-la_model__envelope_e4efa4342e5fcf03,Ca,envelope_mathematical,-405485.9595024826,Ca-supported,correct
o24759-pqq-la_model__conditioned_La__seed-1_sample-0,o24759-pqq-la_model,o24759-pqq-la_model__envelope_e4efa4342e5fcf03,Ca,envelope_operational,-405485.9595024826,Ca-supported,correct
o24759-pqq-la_model__conditioned_La__seed-1_sample-0,o24759-pqq-la_model,o24759-pqq-la_model__envelope_e4efa4342e5fcf03,Ca,envelope_origin,-405492.92801162263,Ca-supported,correct
o24759-pqq-la_model__conditioned_La__seed-1_sample-0,o24759-pqq-la_model,o24759-pqq-la_model__envelope_e4efa4342e5fcf03,Ca,released_static,-405495.01727616007,Ca-supported,correct
o24759-pqq-la_model__conditioned_La__seed-1_sample-0,o24759-pqq-la_model,o24759-pqq-la_model__envelope_e4efa4342e5fcf03,Ca,tenfold_precision,-405487.41576949204,Ca-supported,correct
o24759-pqq-la_model__conditioned_La__seed-1_sample-0,o24759-pqq-la_model,o24759-pqq-la_model__envelope_e4efa4342e5fcf03,Ca,tenfold_strict,-405487.4143334517,Ca-supported,correct
o24759-pqq-la_model__conditioned_La__seed-1_sample-1,o24759-pqq-la_model,o24759-pqq-la_model__envelope_e4efa4342e5fcf03,Ca,envelope_mathematical,-405483.95945163467,Ca-supported,correct
o24759-pqq-la_model__conditioned_La__seed-1_sample-1,o24759-pqq-la_model,o24759-pqq-la_model__envelope_e4efa4342e5fcf03,Ca,envelope_operational,-405483.95945163467,Ca-supported,correct
o24759-pqq-la_model__conditioned_La__seed-1_sample-1,o24759-pqq-la_model,o24759-pqq-la_model__envelope_e4efa4342e5fcf03,Ca,envelope_origin,-405492.1206683089,Ca-supported,correct
o24759-pqq-la_model__conditioned_La__seed-1_sample-1,o24759-pqq-la_model,o24759-pqq-la_model__envelope_e4efa4342e5fcf03,Ca,released_static,-405493.2344845789,Ca-supported,correct
o24759-pqq-la_model__conditioned_La__seed-1_sample-1,o24759-pqq-la_model,o24759-pqq-la_model__envelope_e4efa4342e5fcf03,Ca,tenfold_precision,-405485.8347457233,Ca-supported,correct
o24759-pqq-la_model__conditioned_La__seed-1_sample-1,o24759-pqq-la_model,o24759-pqq-la_model__envelope_e4efa4342e5fcf03,Ca,tenfold_strict,-405485.8206513604,Ca-supported,correct
o24759-pqq-la_model__conditioned_La__seed-1_sample-2,o24759-pqq-la_model,o24759-pqq-la_model__envelope_e4efa4342e5fcf03,Ca,envelope_mathematical,-405478.4063949303,Ca-supported,correct
o24759-pqq-la_model__conditioned_La__seed-1_sample-2,o24759-pqq-la_model,o24759-pqq-la_model__envelope_e4efa4342e5fcf03,Ca,envelope_operational,-405478.4063949303,Ca-supported,correct
o24759-pqq-la_model__conditioned_La__seed-1_sample-2,o24759-pqq-la_model,o24759-pqq-la_model__envelope_e4efa4342e5fcf03,Ca,envelope_origin,-405487.95644706185,Ca-supported,correct
o24759-pqq-la_model__conditioned_La__seed-1_sample-2,o24759-pqq-la_model,o24759-pqq-la_model__envelope_e4efa4342e5fcf03,Ca,released_static,-405490.068554902,Ca-supported,correct
o24759-pqq-la_model__conditioned_La__seed-1_sample-2,o24759-pqq-la_model,o24759-pqq-la_model__envelope_e4efa4342e5fcf03,Ca,tenfold_precision,-405480.2392241513,Ca-supported,correct
o24759-pqq-la_model__conditioned_La__seed-1_sample-2,o24759-pqq-la_model,o24759-pqq-la_model__envelope_e4efa4342e5fcf03,Ca,tenfold_strict,-405480.24050337577,Ca-supported,correct
o24759-pqq-la_model__conditioned_La__seed-1_sample-4,o24759-pqq-la_model,o24759-pqq-la_model__envelope_e4efa4342e5fcf03,Ca,envelope_mathematical,-405476.1809323564,Ca-supported,correct
o24759-pqq-la_model__conditioned_La__seed-1_sample-4,o24759-pqq-la_model,o24759-pqq-la_model__envelope_e4efa4342e5fcf03,Ca,envelope_operational,-405476.1809323564,Ca-supported,correct
o24759-pqq-la_model__conditioned_La__seed-1_sample-4,o24759-pqq-la_model,o24759-pqq-la_model__envelope_e4efa4342e5fcf03,Ca,envelope_origin,-405486.66480087844,Ca-supported,correct
o24759-pqq-la_model__conditioned_La__seed-1_sample-4,o24759-pqq-la_model,o24759-pqq-la_model__envelope_e4efa4342e5fcf03,Ca,released_static,-405489.93269720866,Ca-supported,correct
o24759-pqq-la_model__conditioned_La__seed-1_sample-4,o24759-pqq-la_model,o24759-pqq-la_model__envelope_e4efa4342e5fcf03,Ca,tenfold_precision,-405479.4639508127,Ca-supported,correct
o24759-pqq-la_model__conditioned_La__seed-1_sample-4,o24759-pqq-la_model,o24759-pqq-la_model__envelope_e4efa4342e5fcf03,Ca,tenfold_strict,-405479.46363098436,Ca-supported,correct
p12293-pqq-la_model__conditioned_La__seed-1_sample-0,p12293-pqq-la_model,p12293-pqq-la_model__envelope_e88ef960dad9c35e,Ca,envelope_mathematical,-405482.8315119327,Ca-supported,correct
p12293-pqq-la_model__conditioned_La__seed-1_sample-0,p12293-pqq-la_model,p12293-pqq-la_model__envelope_e88ef960dad9c35e,Ca,envelope_operational,-405482.8315119327,Ca-supported,correct
p12293-pqq-la_model__conditioned_La__seed-1_sample-0,p12293-pqq-la_model,p12293-pqq-la_model__envelope_e88ef960dad9c35e,Ca,envelope_origin,-405491.873574577,Ca-supported,correct
p12293-pqq-la_model__conditioned_La__seed-1_sample-0,p12293-pqq-la_model,p12293-pqq-la_model__envelope_e88ef960dad9c35e,Ca,released_static,-405492.28069260286,Ca-supported,correct
p12293-pqq-la_model__conditioned_La__seed-1_sample-0,p12293-pqq-la_model,p12293-pqq-la_model__envelope_e88ef960dad9c35e,Ca,tenfold_precision,-405481.36651132,Ca-supported,correct
p12293-pqq-la_model__conditioned_La__seed-1_sample-0,p12293-pqq-la_model,p12293-pqq-la_model__envelope_e88ef960dad9c35e,Ca,tenfold_strict,-405481.3675885963,Ca-supported,correct
p12293-pqq-la_model__conditioned_La__seed-1_sample-1,p12293-pqq-la_model,p12293-pqq-la_model__envelope_e88ef960dad9c35e,Ca,envelope_mathematical,-405483.64561676566,Ca-supported,correct
p12293-pqq-la_model__conditioned_La__seed-1_sample-1,p12293-pqq-la_model,p12293-pqq-la_model__envelope_e88ef960dad9c35e,Ca,envelope_operational,-405483.64561676566,Ca-supported,correct
p12293-pqq-la_model__conditioned_La__seed-1_sample-1,p12293-pqq-la_model,p12293-pqq-la_model__envelope_e88ef960dad9c35e,Ca,envelope_origin,-405491.4342000031,Ca-supported,correct
p12293-pqq-la_model__conditioned_La__seed-1_sample-1,p12293-pqq-la_model,p12293-pqq-la_model__envelope_e88ef960dad9c35e,Ca,released_static,-405490.48124063545,Ca-supported,correct
p12293-pqq-la_model__conditioned_La__seed-1_sample-1,p12293-pqq-la_model,p12293-pqq-la_model__envelope_e88ef960dad9c35e,Ca,tenfold_precision,-405482.8406819871,Ca-supported,correct
p12293-pqq-la_model__conditioned_La__seed-1_sample-1,p12293-pqq-la_model,p12293-pqq-la_model__envelope_e88ef960dad9c35e,Ca,tenfold_strict,-405482.83972519514,Ca-supported,correct
p12293-pqq-la_model__conditioned_La__seed-1_sample-2,p12293-pqq-la_model,p12293-pqq-la_model__envelope_e88ef960dad9c35e,Ca,envelope_mathematical,-405489.0003760614,Ca-supported,correct
p12293-pqq-la_model__conditioned_La__seed-1_sample-2,p12293-pqq-la_model,p12293-pqq-la_model__envelope_e88ef960dad9c35e,Ca,envelope_operational,-405489.0003760614,Ca-supported,correct
p12293-pqq-la_model__conditioned_La__seed-1_sample-2,p12293-pqq-la_model,p12293-pqq-la_model__envelope_e88ef960dad9c35e,Ca,envelope_origin,-405497.5490463822,Ca-supported,correct
p12293-pqq-la_model__conditioned_La__seed-1_sample-2,p12293-pqq-la_model,p12293-pqq-la_model__envelope_e88ef960dad9c35e,Ca,released_static,-405498.1148333859,Ca-supported,correct
p12293-pqq-la_model__conditioned_La__seed-1_sample-2,p12293-pqq-la_model,p12293-pqq-la_model__envelope_e88ef960dad9c35e,Ca,tenfold_precision,-405489.12289254117,Ca-supported,correct
p12293-pqq-la_model__conditioned_La__seed-1_sample-2,p12293-pqq-la_model,p12293-pqq-la_model__envelope_e88ef960dad9c35e,Ca,tenfold_strict,-405489.13294561877,Ca-supported,correct
p12293-pqq-la_model__conditioned_La__seed-1_sample-0,p12293-pqq-la_model,p12293-pqq-la_model__envelope_b5baf1616b3b63a4,Ca,envelope_mathematical,-405480.44844799995,Ca-supported,correct
p12293-pqq-la_model__conditioned_La__seed-1_sample-0,p12293-pqq-la_model,p12293-pqq-la_model__envelope_b5baf1616b3b63a4,Ca,envelope_operational,-405480.44844799995,Ca-supported,correct
p12293-pqq-la_model__conditioned_La__seed-1_sample-0,p12293-pqq-la_model,p12293-pqq-la_model__envelope_b5baf1616b3b63a4,Ca,envelope_origin,-405490.32144178625,Ca-supported,correct
p12293-pqq-la_model__conditioned_La__seed-1_sample-0,p12293-pqq-la_model,p12293-pqq-la_model__envelope_b5baf1616b3b63a4,Ca,released_static,-405492.28069260286,Ca-supported,correct
p12293-pqq-la_model__conditioned_La__seed-1_sample-0,p12293-pqq-la_model,p12293-pqq-la_model__envelope_b5baf1616b3b63a4,Ca,tenfold_precision,-405481.36651132,Ca-supported,correct
p12293-pqq-la_model__conditioned_La__seed-1_sample-0,p12293-pqq-la_model,p12293-pqq-la_model__envelope_b5baf1616b3b63a4,Ca,tenfold_strict,-405481.3675885963,Ca-supported,correct
p12293-pqq-la_model__conditioned_La__seed-1_sample-1,p12293-pqq-la_model,p12293-pqq-la_model__envelope_b5baf1616b3b63a4,Ca,envelope_mathematical,-405480.9768066642,Ca-supported,correct
p12293-pqq-la_model__conditioned_La__seed-1_sample-1,p12293-pqq-la_model,p12293-pqq-la_model__envelope_b5baf1616b3b63a4,Ca,envelope_operational,-405480.9768066642,Ca-supported,correct
p12293-pqq-la_model__conditioned_La__seed-1_sample-1,p12293-pqq-la_model,p12293-pqq-la_model__envelope_b5baf1616b3b63a4,Ca,envelope_origin,-405489.2430914097,Ca-supported,correct
p12293-pqq-la_model__conditioned_La__seed-1_sample-1,p12293-pqq-la_model,p12293-pqq-la_model__envelope_b5baf1616b3b63a4,Ca,released_static,-405490.48124063545,Ca-supported,correct
p12293-pqq-la_model__conditioned_La__seed-1_sample-1,p12293-pqq-la_model,p12293-pqq-la_model__envelope_b5baf1616b3b63a4,Ca,tenfold_precision,-405482.8406819871,Ca-supported,correct
p12293-pqq-la_model__conditioned_La__seed-1_sample-1,p12293-pqq-la_model,p12293-pqq-la_model__envelope_b5baf1616b3b63a4,Ca,tenfold_strict,-405482.83972519514,Ca-supported,correct
p12293-pqq-la_model__conditioned_La__seed-1_sample-3,p12293-pqq-la_model,p12293-pqq-la_model__envelope_b5baf1616b3b63a4,Ca,envelope_mathematical,-405482.4002004575,Ca-supported,correct
p12293-pqq-la_model__conditioned_La__seed-1_sample-3,p12293-pqq-la_model,p12293-pqq-la_model__envelope_b5baf1616b3b63a4,Ca,envelope_operational,-405482.4002004575,Ca-supported,correct
p12293-pqq-la_model__conditioned_La__seed-1_sample-3,p12293-pqq-la_model,p12293-pqq-la_model__envelope_b5baf1616b3b63a4,Ca,envelope_origin,-405491.19901324186,Ca-supported,correct
p12293-pqq-la_model__conditioned_La__seed-1_sample-3,p12293-pqq-la_model,p12293-pqq-la_model__envelope_b5baf1616b3b63a4,Ca,released_static,-405492.8312325689,Ca-supported,correct
p12293-pqq-la_model__conditioned_La__seed-1_sample-3,p12293-pqq-la_model,p12293-pqq-la_model__envelope_b5baf1616b3b63a4,Ca,tenfold_precision,-405483.0846057281,Ca-supported,correct
p12293-pqq-la_model__conditioned_La__seed-1_sample-3,p12293-pqq-la_model,p12293-pqq-la_model__envelope_b5baf1616b3b63a4,Ca,tenfold_strict,-405483.1157164567,Ca-supported,correct
p12293-pqq-la_model__conditioned_La__seed-1_sample-3,p12293-pqq-la_model,p12293-pqq-la_model__envelope_e88ef960dad9c35e,Ca,envelope_mathematical,-405484.6677729792,Ca-supported,correct
p12293-pqq-la_model__conditioned_La__seed-1_sample-3,p12293-pqq-la_model,p12293-pqq-la_model__envelope_e88ef960dad9c35e,Ca,envelope_operational,-405484.6677729792,Ca-supported,correct
p12293-pqq-la_model__conditioned_La__seed-1_sample-3,p12293-pqq-la_model,p12293-pqq-la_model__envelope_e88ef960dad9c35e,Ca,envelope_origin,-405493.0400887498,Ca-supported,correct
p12293-pqq-la_model__conditioned_La__seed-1_sample-3,p12293-pqq-la_model,p12293-pqq-la_model__envelope_e88ef960dad9c35e,Ca,released_static,-405492.8312325689,Ca-supported,correct
p12293-pqq-la_model__conditioned_La__seed-1_sample-3,p12293-pqq-la_model,p12293-pqq-la_model__envelope_e88ef960dad9c35e,Ca,tenfold_precision,-405483.0846057281,Ca-supported,correct
p12293-pqq-la_model__conditioned_La__seed-1_sample-3,p12293-pqq-la_model,p12293-pqq-la_model__envelope_e88ef960dad9c35e,Ca,tenfold_strict,-405483.1157164567,Ca-supported,correct
p15279-pqq-la_model__conditioned_La__seed-1_sample-0,p15279-pqq-la_model,p15279-pqq-la_model__envelope_1de9a1c85821aa97,Ca,envelope_mathematical,-405478.59794646833,Ca-supported,correct
p15279-pqq-la_model__conditioned_La__seed-1_sample-0,p15279-pqq-la_model,p15279-pqq-la_model__envelope_1de9a1c85821aa97,Ca,envelope_operational,-405478.59794646833,Ca-supported,correct
p15279-pqq-la_model__conditioned_La__seed-1_sample-0,p15279-pqq-la_model,p15279-pqq-la_model__envelope_1de9a1c85821aa97,Ca,envelope_origin,-405486.36881047033,Ca-supported,correct
p15279-pqq-la_model__conditioned_La__seed-1_sample-0,p15279-pqq-la_model,p15279-pqq-la_model__envelope_1de9a1c85821aa97,Ca,released_static,-405494.7776468762,Ca-supported,correct
p15279-pqq-la_model__conditioned_La__seed-1_sample-0,p15279-pqq-la_model,p15279-pqq-la_model__envelope_1de9a1c85821aa97,Ca,tenfold_precision,-405487.22266625334,Ca-supported,correct
p15279-pqq-la_model__conditioned_La__seed-1_sample-0,p15279-pqq-la_model,p15279-pqq-la_model__envelope_1de9a1c85821aa97,Ca,tenfold_strict,-405487.2223274861,Ca-supported,correct
p15279-pqq-la_model__conditioned_La__seed-1_sample-1,p15279-pqq-la_model,p15279-pqq-la_model__envelope_1de9a1c85821aa97,Ca,envelope_mathematical,-405486.17009834555,Ca-supported,correct
p15279-pqq-la_model__conditioned_La__seed-1_sample-1,p15279-pqq-la_model,p15279-pqq-la_model__envelope_1de9a1c85821aa97,Ca,envelope_operational,-405486.17009834555,Ca-supported,correct
p15279-pqq-la_model__conditioned_La__seed-1_sample-1,p15279-pqq-la_model,p15279-pqq-la_model__envelope_1de9a1c85821aa97,Ca,envelope_origin,-405493.52699197625,Ca-supported,correct
p15279-pqq-la_model__conditioned_La__seed-1_sample-1,p15279-pqq-la_model,p15279-pqq-la_model__envelope_1de9a1c85821aa97,Ca,released_static,-405494.4154168153,Ca-supported,correct
p15279-pqq-la_model__conditioned_La__seed-1_sample-1,p15279-pqq-la_model,p15279-pqq-la_model__envelope_1de9a1c85821aa97,Ca,tenfold_precision,-405486.7510556654,Ca-supported,correct
p15279-pqq-la_model__conditioned_La__seed-1_sample-1,p15279-pqq-la_model,p15279-pqq-la_model__envelope_1de9a1c85821aa97,Ca,tenfold_strict,-405486.7563408451,Ca-supported,correct
p15279-pqq-la_model__conditioned_La__seed-1_sample-3,p15279-pqq-la_model,p15279-pqq-la_model__envelope_1de9a1c85821aa97,Ca,envelope_mathematical,-405476.1499281027,Ca-supported,correct
p15279-pqq-la_model__conditioned_La__seed-1_sample-3,p15279-pqq-la_model,p15279-pqq-la_model__envelope_1de9a1c85821aa97,Ca,envelope_operational,-405476.1499281027,Ca-supported,correct
p15279-pqq-la_model__conditioned_La__seed-1_sample-3,p15279-pqq-la_model,p15279-pqq-la_model__envelope_1de9a1c85821aa97,Ca,envelope_origin,-405484.59786407545,Ca-supported,correct
p15279-pqq-la_model__conditioned_La__seed-1_sample-3,p15279-pqq-la_model,p15279-pqq-la_model__envelope_1de9a1c85821aa97,Ca,released_static,-405494.2910917315,Ca-supported,correct
p15279-pqq-la_model__conditioned_La__seed-1_sample-3,p15279-pqq-la_model,p15279-pqq-la_model__envelope_1de9a1c85821aa97,Ca,tenfold_precision,-405485.8925768993,Ca-supported,correct
p15279-pqq-la_model__conditioned_La__seed-1_sample-3,p15279-pqq-la_model,p15279-pqq-la_model__envelope_1de9a1c85821aa97,Ca,tenfold_strict,-405485.892719605,Ca-supported,correct
p15279-pqq-la_model__conditioned_La__seed-1_sample-4,p15279-pqq-la_model,p15279-pqq-la_model__envelope_1de9a1c85821aa97,Ca,envelope_mathematical,-405478.0154134574,Ca-supported,correct
p15279-pqq-la_model__conditioned_La__seed-1_sample-4,p15279-pqq-la_model,p15279-pqq-la_model__envelope_1de9a1c85821aa97,Ca,envelope_operational,-405478.0154134574,Ca-supported,correct
p15279-pqq-la_model__conditioned_La__seed-1_sample-4,p15279-pqq-la_model,p15279-pqq-la_model__envelope_1de9a1c85821aa97,Ca,envelope_origin,-405487.592176295,Ca-supported,correct
p15279-pqq-la_model__conditioned_La__seed-1_sample-4,p15279-pqq-la_model,p15279-pqq-la_model__envelope_1de9a1c85821aa97,Ca,released_static,-405489.5682021796,Ca-supported,correct
p15279-pqq-la_model__conditioned_La__seed-1_sample-4,p15279-pqq-la_model,p15279-pqq-la_model__envelope_1de9a1c85821aa97,Ca,tenfold_precision,-405479.5789410885,Ca-supported,correct
p15279-pqq-la_model__conditioned_La__seed-1_sample-4,p15279-pqq-la_model,p15279-pqq-la_model__envelope_1de9a1c85821aa97,Ca,tenfold_strict,-405479.5796746239,Ca-supported,correct
p16027-pqq-la_model__conditioned_La__seed-1_sample-0,p16027-pqq-la_model,p16027-pqq-la_model__envelope_1de9a1c85821aa97,Ca,envelope_mathematical,-405480.8218017159,Ca-supported,correct
p16027-pqq-la_model__conditioned_La__seed-1_sample-0,p16027-pqq-la_model,p16027-pqq-la_model__envelope_1de9a1c85821aa97,Ca,envelope_operational,-405480.8218017159,Ca-supported,correct
p16027-pqq-la_model__conditioned_La__seed-1_sample-0,p16027-pqq-la_model,p16027-pqq-la_model__envelope_1de9a1c85821aa97,Ca,envelope_origin,-405485.1731149365,Ca-supported,correct
p16027-pqq-la_model__conditioned_La__seed-1_sample-0,p16027-pqq-la_model,p16027-pqq-la_model__envelope_1de9a1c85821aa97,Ca,released_static,-405487.04409844853,Ca-supported,correct
p16027-pqq-la_model__conditioned_La__seed-1_sample-0,p16027-pqq-la_model,p16027-pqq-la_model__envelope_1de9a1c85821aa97,Ca,tenfold_precision,-405482.28018610703,Ca-supported,correct
p16027-pqq-la_model__conditioned_La__seed-1_sample-0,p16027-pqq-la_model,p16027-pqq-la_model__envelope_1de9a1c85821aa97,Ca,tenfold_strict,-405482.27479276416,Ca-supported,correct
p16027-pqq-la_model__conditioned_La__seed-1_sample-1,p16027-pqq-la_model,p16027-pqq-la_model__envelope_1de9a1c85821aa97,Ca,envelope_mathematical,-405488.7830183393,Ca-supported,correct
p16027-pqq-la_model__conditioned_La__seed-1_sample-1,p16027-pqq-la_model,p16027-pqq-la_model__envelope_1de9a1c85821aa97,Ca,envelope_operational,-405488.7830183393,Ca-supported,correct
p16027-pqq-la_model__conditioned_La__seed-1_sample-1,p16027-pqq-la_model,p16027-pqq-la_model__envelope_1de9a1c85821aa97,Ca,envelope_origin,-405496.27096266794,Ca-supported,correct
p16027-pqq-la_model__conditioned_La__seed-1_sample-1,p16027-pqq-la_model,p16027-pqq-la_model__envelope_1de9a1c85821aa97,Ca,released_static,-405497.2804237286,Ca-supported,correct
p16027-pqq-la_model__conditioned_La__seed-1_sample-1,p16027-pqq-la_model,p16027-pqq-la_model__envelope_1de9a1c85821aa97,Ca,tenfold_precision,-405486.7301730525,Ca-supported,correct
p16027-pqq-la_model__conditioned_La__seed-1_sample-1,p16027-pqq-la_model,p16027-pqq-la_model__envelope_1de9a1c85821aa97,Ca,tenfold_strict,-405486.6527686062,Ca-supported,correct
p16027-pqq-la_model__conditioned_La__seed-1_sample-3,p16027-pqq-la_model,p16027-pqq-la_model__envelope_1de9a1c85821aa97,Ca,envelope_mathematical,-405482.7831569548,Ca-supported,correct
p16027-pqq-la_model__conditioned_La__seed-1_sample-3,p16027-pqq-la_model,p16027-pqq-la_model__envelope_1de9a1c85821aa97,Ca,envelope_operational,-405482.7831569548,Ca-supported,correct
p16027-pqq-la_model__conditioned_La__seed-1_sample-3,p16027-pqq-la_model,p16027-pqq-la_model__envelope_1de9a1c85821aa97,Ca,envelope_origin,-405488.66856648086,Ca-supported,correct
p16027-pqq-la_model__conditioned_La__seed-1_sample-3,p16027-pqq-la_model,p16027-pqq-la_model__envelope_1de9a1c85821aa97,Ca,released_static,-405490.63637486036,Ca-supported,correct
p16027-pqq-la_model__conditioned_La__seed-1_sample-3,p16027-pqq-la_model,p16027-pqq-la_model__envelope_1de9a1c85821aa97,Ca,tenfold_precision,-405484.5224600159,Ca-supported,correct
p16027-pqq-la_model__conditioned_La__seed-1_sample-3,p16027-pqq-la_model,p16027-pqq-la_model__envelope_1de9a1c85821aa97,Ca,tenfold_strict,-405484.50046334526,Ca-supported,correct
p16027-pqq-la_model__conditioned_La__seed-1_sample-4,p16027-pqq-la_model,p16027-pqq-la_model__envelope_1de9a1c85821aa97,Ca,envelope_mathematical,-405467.1551318418,Ca-supported,correct
p16027-pqq-la_model__conditioned_La__seed-1_sample-4,p16027-pqq-la_model,p16027-pqq-la_model__envelope_1de9a1c85821aa97,Ca,envelope_operational,-405467.1551318418,Ca-supported,correct
p16027-pqq-la_model__conditioned_La__seed-1_sample-4,p16027-pqq-la_model,p16027-pqq-la_model__envelope_1de9a1c85821aa97,Ca,envelope_origin,-405477.6056147002,Ca-supported,correct
p16027-pqq-la_model__conditioned_La__seed-1_sample-4,p16027-pqq-la_model,p16027-pqq-la_model__envelope_1de9a1c85821aa97,Ca,released_static,-405486.5833347819,Ca-supported,correct
p16027-pqq-la_model__conditioned_La__seed-1_sample-4,p16027-pqq-la_model,p16027-pqq-la_model__envelope_1de9a1c85821aa97,Ca,tenfold_precision,-405476.0118361421,Ca-supported,correct
p16027-pqq-la_model__conditioned_La__seed-1_sample-4,p16027-pqq-la_model,p16027-pqq-la_model__envelope_1de9a1c85821aa97,Ca,tenfold_strict,-405476.00694494107,Ca-supported,correct
p38539-pqq-la_model__conditioned_La__seed-1_sample-1,p38539-pqq-la_model,p38539-pqq-la_model__envelope_3c659c8193acdad7,Ca,envelope_mathematical,-405476.9879795102,Ca-supported,correct
p38539-pqq-la_model__conditioned_La__seed-1_sample-1,p38539-pqq-la_model,p38539-pqq-la_model__envelope_3c659c8193acdad7,Ca,envelope_operational,-405476.9879795102,Ca-supported,correct
p38539-pqq-la_model__conditioned_La__seed-1_sample-1,p38539-pqq-la_model,p38539-pqq-la_model__envelope_3c659c8193acdad7,Ca,envelope_origin,-405487.5834277078,Ca-supported,correct
p38539-pqq-la_model__conditioned_La__seed-1_sample-1,p38539-pqq-la_model,p38539-pqq-la_model__envelope_3c659c8193acdad7,Ca,released_static,-405491.5174192283,Ca-supported,correct
p38539-pqq-la_model__conditioned_La__seed-1_sample-1,p38539-pqq-la_model,p38539-pqq-la_model__envelope_3c659c8193acdad7,Ca,tenfold_precision,-405478.92285347014,Ca-supported,correct
p38539-pqq-la_model__conditioned_La__seed-1_sample-1,p38539-pqq-la_model,p38539-pqq-la_model__envelope_3c659c8193acdad7,Ca,tenfold_strict,-405478.85547654494,Ca-supported,correct
p38539-pqq-la_model__conditioned_La__seed-1_sample-2,p38539-pqq-la_model,p38539-pqq-la_model__envelope_3c659c8193acdad7,Ca,envelope_mathematical,-405484.14233209484,Ca-supported,correct
p38539-pqq-la_model__conditioned_La__seed-1_sample-2,p38539-pqq-la_model,p38539-pqq-la_model__envelope_3c659c8193acdad7,Ca,envelope_operational,-405484.14233209484,Ca-supported,correct
p38539-pqq-la_model__conditioned_La__seed-1_sample-2,p38539-pqq-la_model,p38539-pqq-la_model__envelope_3c659c8193acdad7,Ca,envelope_origin,-405489.12526634574,Ca-supported,correct
p38539-pqq-la_model__conditioned_La__seed-1_sample-2,p38539-pqq-la_model,p38539-pqq-la_model__envelope_3c659c8193acdad7,Ca,released_static,-405491.09101312695,Ca-supported,correct
p38539-pqq-la_model__conditioned_La__seed-1_sample-2,p38539-pqq-la_model,p38539-pqq-la_model__envelope_3c659c8193acdad7,Ca,tenfold_precision,-405486.2079020295,Ca-supported,correct
p38539-pqq-la_model__conditioned_La__seed-1_sample-2,p38539-pqq-la_model,p38539-pqq-la_model__envelope_3c659c8193acdad7,Ca,tenfold_strict,-405486.2077052363,Ca-supported,correct
p38539-pqq-la_model__conditioned_La__seed-1_sample-3,p38539-pqq-la_model,p38539-pqq-la_model__envelope_3c659c8193acdad7,Ca,envelope_mathematical,-405486.0271636967,Ca-supported,correct
p38539-pqq-la_model__conditioned_La__seed-1_sample-3,p38539-pqq-la_model,p38539-pqq-la_model__envelope_3c659c8193acdad7,Ca,envelope_operational,-405486.0271636967,Ca-supported,correct
p38539-pqq-la_model__conditioned_La__seed-1_sample-3,p38539-pqq-la_model,p38539-pqq-la_model__envelope_3c659c8193acdad7,Ca,envelope_origin,-405501.9348912844,Ca-supported,correct
p38539-pqq-la_model__conditioned_La__seed-1_sample-3,p38539-pqq-la_model,p38539-pqq-la_model__envelope_3c659c8193acdad7,Ca,released_static,-405506.54173588817,Ca-supported,correct
p38539-pqq-la_model__conditioned_La__seed-1_sample-3,p38539-pqq-la_model,p38539-pqq-la_model__envelope_3c659c8193acdad7,Ca,tenfold_precision,-405488.23914013203,Ca-supported,correct
p38539-pqq-la_model__conditioned_La__seed-1_sample-3,p38539-pqq-la_model,p38539-pqq-la_model__envelope_3c659c8193acdad7,Ca,tenfold_strict,-405488.24241602264,Ca-supported,correct
p38539-pqq-la_model__conditioned_La__seed-1_sample-4,p38539-pqq-la_model,p38539-pqq-la_model__envelope_3c659c8193acdad7,Ca,envelope_mathematical,-405475.20172443456,Ca-supported,correct
p38539-pqq-la_model__conditioned_La__seed-1_sample-4,p38539-pqq-la_model,p38539-pqq-la_model__envelope_3c659c8193acdad7,Ca,envelope_operational,-405475.20172443456,Ca-supported,correct
p38539-pqq-la_model__conditioned_La__seed-1_sample-4,p38539-pqq-la_model,p38539-pqq-la_model__envelope_3c659c8193acdad7,Ca,envelope_origin,-405482.93612036476,Ca-supported,correct
p38539-pqq-la_model__conditioned_La__seed-1_sample-4,p38539-pqq-la_model,p38539-pqq-la_model__envelope_3c659c8193acdad7,Ca,released_static,-405494.7829083104,Ca-supported,correct
p38539-pqq-la_model__conditioned_La__seed-1_sample-4,p38539-pqq-la_model,p38539-pqq-la_model__envelope_3c659c8193acdad7,Ca,tenfold_precision,-405477.3166938803,Ca-supported,correct
p38539-pqq-la_model__conditioned_La__seed-1_sample-4,p38539-pqq-la_model,p38539-pqq-la_model__envelope_3c659c8193acdad7,Ca,tenfold_strict,-405477.3099127023,Ca-supported,correct
q4w6g0-pqq-la_model__conditioned_La__seed-1_sample-0,q4w6g0-pqq-la_model,q4w6g0-pqq-la_model__envelope_6827bf3c955fda67,Ca,envelope_mathematical,-405478.84451905603,Ca-supported,correct
q4w6g0-pqq-la_model__conditioned_La__seed-1_sample-0,q4w6g0-pqq-la_model,q4w6g0-pqq-la_model__envelope_6827bf3c955fda67,Ca,envelope_operational,-405478.84451905603,Ca-supported,correct
q4w6g0-pqq-la_model__conditioned_La__seed-1_sample-0,q4w6g0-pqq-la_model,q4w6g0-pqq-la_model__envelope_6827bf3c955fda67,Ca,envelope_origin,-405478.8380818557,Ca-supported,correct
q4w6g0-pqq-la_model__conditioned_La__seed-1_sample-0,q4w6g0-pqq-la_model,q4w6g0-pqq-la_model__envelope_6827bf3c955fda67,Ca,released_static,-405477.7786774069,Ca-supported,correct
q4w6g0-pqq-la_model__conditioned_La__seed-1_sample-0,q4w6g0-pqq-la_model,q4w6g0-pqq-la_model__envelope_6827bf3c955fda67,Ca,tenfold_precision,-405477.9115887755,Ca-supported,correct
q4w6g0-pqq-la_model__conditioned_La__seed-1_sample-0,q4w6g0-pqq-la_model,q4w6g0-pqq-la_model__envelope_6827bf3c955fda67,Ca,tenfold_strict,-405477.91236418585,Ca-supported,correct
q4w6g0-pqq-la_model__conditioned_La__seed-1_sample-1,q4w6g0-pqq-la_model,q4w6g0-pqq-la_model__envelope_6827bf3c955fda67,Ca,envelope_mathematical,-405473.311210688,Ca-supported,correct
q4w6g0-pqq-la_model__conditioned_La__seed-1_sample-1,q4w6g0-pqq-la_model,q4w6g0-pqq-la_model__envelope_6827bf3c955fda67,Ca,envelope_operational,-405473.311210688,Ca-supported,correct
q4w6g0-pqq-la_model__conditioned_La__seed-1_sample-1,q4w6g0-pqq-la_model,q4w6g0-pqq-la_model__envelope_6827bf3c955fda67,Ca,envelope_origin,-405480.6831153757,Ca-supported,correct
q4w6g0-pqq-la_model__conditioned_La__seed-1_sample-1,q4w6g0-pqq-la_model,q4w6g0-pqq-la_model__envelope_6827bf3c955fda67,Ca,released_static,-405477.793740516,Ca-supported,correct
q4w6g0-pqq-la_model__conditioned_La__seed-1_sample-1,q4w6g0-pqq-la_model,q4w6g0-pqq-la_model__envelope_6827bf3c955fda67,Ca,tenfold_precision,-405470.44412580866,Ca-supported,correct
q4w6g0-pqq-la_model__conditioned_La__seed-1_sample-1,q4w6g0-pqq-la_model,q4w6g0-pqq-la_model__envelope_6827bf3c955fda67,Ca,tenfold_strict,-405470.4448563935,Ca-supported,correct
q4w6g0-pqq-la_model__conditioned_La__seed-1_sample-3,q4w6g0-pqq-la_model,q4w6g0-pqq-la_model__envelope_6827bf3c955fda67,Ca,envelope_mathematical,-405478.43410513556,Ca-supported,correct
q4w6g0-pqq-la_model__conditioned_La__seed-1_sample-3,q4w6g0-pqq-la_model,q4w6g0-pqq-la_model__envelope_6827bf3c955fda67,Ca,envelope_operational,-405478.43410513556,Ca-supported,correct
q4w6g0-pqq-la_model__conditioned_La__seed-1_sample-3,q4w6g0-pqq-la_model,q4w6g0-pqq-la_model__envelope_6827bf3c955fda67,Ca,envelope_origin,-405480.859193727,Ca-supported,correct
q4w6g0-pqq-la_model__conditioned_La__seed-1_sample-3,q4w6g0-pqq-la_model,q4w6g0-pqq-la_model__envelope_6827bf3c955fda67,Ca,released_static,-405478.3168953982,Ca-supported,correct
q4w6g0-pqq-la_model__conditioned_La__seed-1_sample-3,q4w6g0-pqq-la_model,q4w6g0-pqq-la_model__envelope_6827bf3c955fda67,Ca,tenfold_precision,-405475.02019336564,Ca-supported,correct
q4w6g0-pqq-la_model__conditioned_La__seed-1_sample-3,q4w6g0-pqq-la_model,q4w6g0-pqq-la_model__envelope_6827bf3c955fda67,Ca,tenfold_strict,-405475.01942082174,Ca-supported,correct
q4w6g0-pqq-la_model__conditioned_La__seed-1_sample-4,q4w6g0-pqq-la_model,q4w6g0-pqq-la_model__envelope_6827bf3c955fda67,Ca,envelope_mathematical,-405466.82717725995,Ca-supported,correct
q4w6g0-pqq-la_model__conditioned_La__seed-1_sample-4,q4w6g0-pqq-la_model,q4w6g0-pqq-la_model__envelope_6827bf3c955fda67,Ca,envelope_operational,-405466.82717725995,Ca-supported,correct
q4w6g0-pqq-la_model__conditioned_La__seed-1_sample-4,q4w6g0-pqq-la_model,q4w6g0-pqq-la_model__envelope_6827bf3c955fda67,Ca,envelope_origin,-405472.5604977422,Ca-supported,correct
q4w6g0-pqq-la_model__conditioned_La__seed-1_sample-4,q4w6g0-pqq-la_model,q4w6g0-pqq-la_model__envelope_6827bf3c955fda67,Ca,released_static,-405469.2337048136,Ca-supported,correct
q4w6g0-pqq-la_model__conditioned_La__seed-1_sample-4,q4w6g0-pqq-la_model,q4w6g0-pqq-la_model__envelope_6827bf3c955fda67,Ca,tenfold_precision,-405463.74899597885,Ca-supported,correct
q4w6g0-pqq-la_model__conditioned_La__seed-1_sample-4,q4w6g0-pqq-la_model,q4w6g0-pqq-la_model__envelope_6827bf3c955fda67,Ca,tenfold_strict,-405463.74830490455,Ca-supported,correct
q60ar6-pqq-la_model__conditioned_La__seed-1_sample-0,q60ar6-pqq-la_model,q60ar6-pqq-la_model__envelope_cefdcb289daedf76,Ca,envelope_mathematical,-405471.5317475808,Ca-supported,correct
q60ar6-pqq-la_model__conditioned_La__seed-1_sample-0,q60ar6-pqq-la_model,q60ar6-pqq-la_model__envelope_cefdcb289daedf76,Ca,envelope_operational,-405471.5317475808,Ca-supported,correct
q60ar6-pqq-la_model__conditioned_La__seed-1_sample-0,q60ar6-pqq-la_model,q60ar6-pqq-la_model__envelope_cefdcb289daedf76,Ca,envelope_origin,-405476.6660912244,Ca-supported,correct
q60ar6-pqq-la_model__conditioned_La__seed-1_sample-0,q60ar6-pqq-la_model,q60ar6-pqq-la_model__envelope_cefdcb289daedf76,Ca,released_static,-405489.98414218874,Ca-supported,correct
q60ar6-pqq-la_model__conditioned_La__seed-1_sample-0,q60ar6-pqq-la_model,q60ar6-pqq-la_model__envelope_cefdcb289daedf76,Ca,tenfold_precision,-405485.63760227367,Ca-supported,correct
q60ar6-pqq-la_model__conditioned_La__seed-1_sample-0,q60ar6-pqq-la_model,q60ar6-pqq-la_model__envelope_cefdcb289daedf76,Ca,tenfold_strict,-405485.63439134916,Ca-supported,correct
q60ar6-pqq-la_model__conditioned_La__seed-1_sample-2,q60ar6-pqq-la_model,q60ar6-pqq-la_model__envelope_cefdcb289daedf76,Ca,envelope_mathematical,-405482.6489534274,Ca-supported,correct
q60ar6-pqq-la_model__conditioned_La__seed-1_sample-2,q60ar6-pqq-la_model,q60ar6-pqq-la_model__envelope_cefdcb289daedf76,Ca,envelope_operational,-405482.6489534274,Ca-supported,correct
q60ar6-pqq-la_model__conditioned_La__seed-1_sample-2,q60ar6-pqq-la_model,q60ar6-pqq-la_model__envelope_cefdcb289daedf76,Ca,envelope_origin,-405487.2709077741,Ca-supported,correct
q60ar6-pqq-la_model__conditioned_La__seed-1_sample-2,q60ar6-pqq-la_model,q60ar6-pqq-la_model__envelope_cefdcb289daedf76,Ca,released_static,-405485.75146229164,Ca-supported,correct
q60ar6-pqq-la_model__conditioned_La__seed-1_sample-2,q60ar6-pqq-la_model,q60ar6-pqq-la_model__envelope_cefdcb289daedf76,Ca,tenfold_precision,-405482.00379557075,Ca-supported,correct
q60ar6-pqq-la_model__conditioned_La__seed-1_sample-2,q60ar6-pqq-la_model,q60ar6-pqq-la_model__envelope_cefdcb289daedf76,Ca,tenfold_strict,-405482.00427430525,Ca-supported,correct
q60ar6-pqq-la_model__conditioned_La__seed-1_sample-3,q60ar6-pqq-la_model,q60ar6-pqq-la_model__envelope_cefdcb289daedf76,Ca,envelope_mathematical,-405463.0243472644,inconclusive,inconclusive
q60ar6-pqq-la_model__conditioned_La__seed-1_sample-3,q60ar6-pqq-la_model,q60ar6-pqq-la_model__envelope_cefdcb289daedf76,Ca,envelope_operational,-405463.0243472644,inconclusive,inconclusive
q60ar6-pqq-la_model__conditioned_La__seed-1_sample-3,q60ar6-pqq-la_model,q60ar6-pqq-la_model__envelope_cefdcb289daedf76,Ca,envelope_origin,-405467.1121929712,inconclusive,inconclusive
q60ar6-pqq-la_model__conditioned_La__seed-1_sample-3,q60ar6-pqq-la_model,q60ar6-pqq-la_model__envelope_cefdcb289daedf76,Ca,released_static,-405468.8845733713,Ca-supported,correct
q60ar6-pqq-la_model__conditioned_La__seed-1_sample-3,q60ar6-pqq-la_model,q60ar6-pqq-la_model__envelope_cefdcb289daedf76,Ca,tenfold_precision,-405463.96424216614,Ca-supported,correct
q60ar6-pqq-la_model__conditioned_La__seed-1_sample-3,q60ar6-pqq-la_model,q60ar6-pqq-la_model__envelope_cefdcb289daedf76,Ca,tenfold_strict,-405463.9295637273,Ca-supported,correct
q60ar6-pqq-la_model__conditioned_La__seed-1_sample-4,q60ar6-pqq-la_model,q60ar6-pqq-la_model__envelope_cefdcb289daedf76,Ca,envelope_mathematical,-405480.65088975575,Ca-supported,correct
q60ar6-pqq-la_model__conditioned_La__seed-1_sample-4,q60ar6-pqq-la_model,q60ar6-pqq-la_model__envelope_cefdcb289daedf76,Ca,envelope_operational,-405480.65088975575,Ca-supported,correct
q60ar6-pqq-la_model__conditioned_La__seed-1_sample-4,q60ar6-pqq-la_model,q60ar6-pqq-la_model__envelope_cefdcb289daedf76,Ca,envelope_origin,-405486.14100828953,Ca-supported,correct
q60ar6-pqq-la_model__conditioned_La__seed-1_sample-4,q60ar6-pqq-la_model,q60ar6-pqq-la_model__envelope_cefdcb289daedf76,Ca,released_static,-405486.22727385216,Ca-supported,correct
q60ar6-pqq-la_model__conditioned_La__seed-1_sample-4,q60ar6-pqq-la_model,q60ar6-pqq-la_model__envelope_cefdcb289daedf76,Ca,tenfold_precision,-405479.66974029236,Ca-supported,correct
q60ar6-pqq-la_model__conditioned_La__seed-1_sample-4,q60ar6-pqq-la_model,q60ar6-pqq-la_model__envelope_cefdcb289daedf76,Ca,tenfold_strict,-405479.6672646018,Ca-supported,correct
q60ar6-pqq-la_model__conditioned_La__seed-1_sample-0,q60ar6-pqq-la_model,q60ar6-pqq-la_model__envelope_0ff7468d33d7bf27,Ca,envelope_mathematical,-405470.8626996677,Ca-supported,correct
q60ar6-pqq-la_model__conditioned_La__seed-1_sample-0,q60ar6-pqq-la_model,q60ar6-pqq-la_model__envelope_0ff7468d33d7bf27,Ca,envelope_operational,-405470.8626996677,Ca-supported,correct
q60ar6-pqq-la_model__conditioned_La__seed-1_sample-0,q60ar6-pqq-la_model,q60ar6-pqq-la_model__envelope_0ff7468d33d7bf27,Ca,envelope_origin,-405476.0133084897,Ca-supported,correct
q60ar6-pqq-la_model__conditioned_La__seed-1_sample-0,q60ar6-pqq-la_model,q60ar6-pqq-la_model__envelope_0ff7468d33d7bf27,Ca,released_static,-405489.98414218874,Ca-supported,correct
q60ar6-pqq-la_model__conditioned_La__seed-1_sample-0,q60ar6-pqq-la_model,q60ar6-pqq-la_model__envelope_0ff7468d33d7bf27,Ca,tenfold_precision,-405485.63760227367,Ca-supported,correct
q60ar6-pqq-la_model__conditioned_La__seed-1_sample-0,q60ar6-pqq-la_model,q60ar6-pqq-la_model__envelope_0ff7468d33d7bf27,Ca,tenfold_strict,-405485.63439134916,Ca-supported,correct
q60ar6-pqq-la_model__conditioned_La__seed-1_sample-3,q60ar6-pqq-la_model,q60ar6-pqq-la_model__envelope_0ff7468d33d7bf27,Ca,envelope_mathematical,-405462.39801694086,inconclusive,inconclusive
q60ar6-pqq-la_model__conditioned_La__seed-1_sample-3,q60ar6-pqq-la_model,q60ar6-pqq-la_model__envelope_0ff7468d33d7bf27,Ca,envelope_operational,-405462.39801694086,inconclusive,inconclusive
q60ar6-pqq-la_model__conditioned_La__seed-1_sample-3,q60ar6-pqq-la_model,q60ar6-pqq-la_model__envelope_0ff7468d33d7bf27,Ca,envelope_origin,-405466.4930444422,inconclusive,inconclusive
q60ar6-pqq-la_model__conditioned_La__seed-1_sample-3,q60ar6-pqq-la_model,q60ar6-pqq-la_model__envelope_0ff7468d33d7bf27,Ca,released_static,-405468.8845733713,Ca-supported,correct
q60ar6-pqq-la_model__conditioned_La__seed-1_sample-3,q60ar6-pqq-la_model,q60ar6-pqq-la_model__envelope_0ff7468d33d7bf27,Ca,tenfold_precision,-405463.96424216614,Ca-supported,correct
q60ar6-pqq-la_model__conditioned_La__seed-1_sample-3,q60ar6-pqq-la_model,q60ar6-pqq-la_model__envelope_0ff7468d33d7bf27,Ca,tenfold_strict,-405463.9295637273,Ca-supported,correct
q60ar6-pqq-la_model__conditioned_La__seed-1_sample-4,q60ar6-pqq-la_model,q60ar6-pqq-la_model__envelope_0ff7468d33d7bf27,Ca,envelope_mathematical,-405478.2557410057,Ca-supported,correct
q60ar6-pqq-la_model__conditioned_La__seed-1_sample-4,q60ar6-pqq-la_model,q60ar6-pqq-la_model__envelope_0ff7468d33d7bf27,Ca,envelope_operational,-405478.2557410057,Ca-supported,correct
q60ar6-pqq-la_model__conditioned_La__seed-1_sample-4,q60ar6-pqq-la_model,q60ar6-pqq-la_model__envelope_0ff7468d33d7bf27,Ca,envelope_origin,-405484.90711762715,Ca-supported,correct
q60ar6-pqq-la_model__conditioned_La__seed-1_sample-4,q60ar6-pqq-la_model,q60ar6-pqq-la_model__envelope_0ff7468d33d7bf27,Ca,released_static,-405486.22727385216,Ca-supported,correct
q60ar6-pqq-la_model__conditioned_La__seed-1_sample-4,q60ar6-pqq-la_model,q60ar6-pqq-la_model__envelope_0ff7468d33d7bf27,Ca,tenfold_precision,-405479.66974029236,Ca-supported,correct
q60ar6-pqq-la_model__conditioned_La__seed-1_sample-4,q60ar6-pqq-la_model,q60ar6-pqq-la_model__envelope_0ff7468d33d7bf27,Ca,tenfold_strict,-405479.6672646018,Ca-supported,correct
q88jh0-pqq-la_model__conditioned_La__seed-1_sample-1,q88jh0-pqq-la_model,q88jh0-pqq-la_model__envelope_2fba6938336689b8,La,envelope_mathematical,-405448.44743959495,La-supported,correct
q88jh0-pqq-la_model__conditioned_La__seed-1_sample-1,q88jh0-pqq-la_model,q88jh0-pqq-la_model__envelope_2fba6938336689b8,La,envelope_operational,-405448.44743959495,La-supported,correct
q88jh0-pqq-la_model__conditioned_La__seed-1_sample-1,q88jh0-pqq-la_model,q88jh0-pqq-la_model__envelope_2fba6938336689b8,La,envelope_origin,-405450.2318599275,La-supported,correct
q88jh0-pqq-la_model__conditioned_La__seed-1_sample-1,q88jh0-pqq-la_model,q88jh0-pqq-la_model__envelope_2fba6938336689b8,La,released_static,-405447.4056760146,La-supported,correct
q88jh0-pqq-la_model__conditioned_La__seed-1_sample-1,q88jh0-pqq-la_model,q88jh0-pqq-la_model__envelope_2fba6938336689b8,La,tenfold_precision,-405448.02797579416,La-supported,correct
q88jh0-pqq-la_model__conditioned_La__seed-1_sample-1,q88jh0-pqq-la_model,q88jh0-pqq-la_model__envelope_2fba6938336689b8,La,tenfold_strict,-405448.0278848806,La-supported,correct
q88jh0-pqq-la_model__conditioned_La__seed-1_sample-2,q88jh0-pqq-la_model,q88jh0-pqq-la_model__envelope_2fba6938336689b8,La,envelope_mathematical,-405445.6729832067,La-supported,correct
q88jh0-pqq-la_model__conditioned_La__seed-1_sample-2,q88jh0-pqq-la_model,q88jh0-pqq-la_model__envelope_2fba6938336689b8,La,envelope_operational,-405445.6729832067,La-supported,correct
q88jh0-pqq-la_model__conditioned_La__seed-1_sample-2,q88jh0-pqq-la_model,q88jh0-pqq-la_model__envelope_2fba6938336689b8,La,envelope_origin,-405448.4131568227,La-supported,correct
q88jh0-pqq-la_model__conditioned_La__seed-1_sample-2,q88jh0-pqq-la_model,q88jh0-pqq-la_model__envelope_2fba6938336689b8,La,released_static,-405446.97645061905,La-supported,correct
q88jh0-pqq-la_model__conditioned_La__seed-1_sample-2,q88jh0-pqq-la_model,q88jh0-pqq-la_model__envelope_2fba6938336689b8,La,tenfold_precision,-405446.8433840496,La-supported,correct
q88jh0-pqq-la_model__conditioned_La__seed-1_sample-2,q88jh0-pqq-la_model,q88jh0-pqq-la_model__envelope_2fba6938336689b8,La,tenfold_strict,-405446.84420048643,La-supported,correct
q88jh0-pqq-la_model__conditioned_La__seed-1_sample-3,q88jh0-pqq-la_model,q88jh0-pqq-la_model__envelope_2fba6938336689b8,La,envelope_mathematical,-405440.8106776525,La-supported,correct
q88jh0-pqq-la_model__conditioned_La__seed-1_sample-3,q88jh0-pqq-la_model,q88jh0-pqq-la_model__envelope_2fba6938336689b8,La,envelope_operational,-405440.8106776525,La-supported,correct
q88jh0-pqq-la_model__conditioned_La__seed-1_sample-3,q88jh0-pqq-la_model,q88jh0-pqq-la_model__envelope_2fba6938336689b8,La,envelope_origin,-405447.54368947394,La-supported,correct
q88jh0-pqq-la_model__conditioned_La__seed-1_sample-3,q88jh0-pqq-la_model,q88jh0-pqq-la_model__envelope_2fba6938336689b8,La,released_static,-405425.3516013113,La-supported,correct
q88jh0-pqq-la_model__conditioned_La__seed-1_sample-3,q88jh0-pqq-la_model,q88jh0-pqq-la_model__envelope_2fba6938336689b8,La,tenfold_precision,-405440.55313343136,La-supported,correct
q88jh0-pqq-la_model__conditioned_La__seed-1_sample-3,q88jh0-pqq-la_model,q88jh0-pqq-la_model__envelope_2fba6938336689b8,La,tenfold_strict,-405440.553157298,La-supported,correct
q88jh0-pqq-la_model__conditioned_La__seed-1_sample-4,q88jh0-pqq-la_model,q88jh0-pqq-la_model__envelope_2fba6938336689b8,La,envelope_mathematical,-405438.62310433295,La-supported,correct
q88jh0-pqq-la_model__conditioned_La__seed-1_sample-4,q88jh0-pqq-la_model,q88jh0-pqq-la_model__envelope_2fba6938336689b8,La,envelope_operational,-405438.62310433295,La-supported,correct
q88jh0-pqq-la_model__conditioned_La__seed-1_sample-4,q88jh0-pqq-la_model,q88jh0-pqq-la_model__envelope_2fba6938336689b8,La,envelope_origin,-405442.10600041895,La-supported,correct
q88jh0-pqq-la_model__conditioned_La__seed-1_sample-4,q88jh0-pqq-la_model,q88jh0-pqq-la_model__envelope_2fba6938336689b8,La,released_static,-405439.654341807,La-supported,correct
q88jh0-pqq-la_model__conditioned_La__seed-1_sample-4,q88jh0-pqq-la_model,q88jh0-pqq-la_model__envelope_2fba6938336689b8,La,tenfold_precision,-405437.2546863349,La-supported,correct
q88jh0-pqq-la_model__conditioned_La__seed-1_sample-4,q88jh0-pqq-la_model,q88jh0-pqq-la_model__envelope_2fba6938336689b8,La,tenfold_strict,-405437.2669895913,La-supported,correct
q88jh5-pqq-la_model__conditioned_La__seed-1_sample-0,q88jh5-pqq-la_model,q88jh5-pqq-la_model__envelope_12c9e6b669aeb9c8,Ca,envelope_mathematical,-405477.91715153045,Ca-supported,correct
q88jh5-pqq-la_model__conditioned_La__seed-1_sample-0,q88jh5-pqq-la_model,q88jh5-pqq-la_model__envelope_12c9e6b669aeb9c8,Ca,envelope_operational,-405477.91715153045,Ca-supported,correct
q88jh5-pqq-la_model__conditioned_La__seed-1_sample-0,q88jh5-pqq-la_model,q88jh5-pqq-la_model__envelope_12c9e6b669aeb9c8,Ca,envelope_origin,-405487.6611064738,Ca-supported,correct
q88jh5-pqq-la_model__conditioned_La__seed-1_sample-0,q88jh5-pqq-la_model,q88jh5-pqq-la_model__envelope_12c9e6b669aeb9c8,Ca,released_static,-405480.39720483817,Ca-supported,correct
q88jh5-pqq-la_model__conditioned_La__seed-1_sample-0,q88jh5-pqq-la_model,q88jh5-pqq-la_model__envelope_12c9e6b669aeb9c8,Ca,tenfold_precision,-405472.2596955249,Ca-supported,correct
q88jh5-pqq-la_model__conditioned_La__seed-1_sample-0,q88jh5-pqq-la_model,q88jh5-pqq-la_model__envelope_12c9e6b669aeb9c8,Ca,tenfold_strict,-405472.25926316704,Ca-supported,correct
q88jh5-pqq-la_model__conditioned_La__seed-1_sample-3,q88jh5-pqq-la_model,q88jh5-pqq-la_model__envelope_12c9e6b669aeb9c8,Ca,envelope_mathematical,-405462.0309407357,inconclusive,inconclusive
q88jh5-pqq-la_model__conditioned_La__seed-1_sample-3,q88jh5-pqq-la_model,q88jh5-pqq-la_model__envelope_12c9e6b669aeb9c8,Ca,envelope_operational,-405462.0309407357,inconclusive,inconclusive
q88jh5-pqq-la_model__conditioned_La__seed-1_sample-3,q88jh5-pqq-la_model,q88jh5-pqq-la_model__envelope_12c9e6b669aeb9c8,Ca,envelope_origin,-405466.2130123486,inconclusive,inconclusive
q88jh5-pqq-la_model__conditioned_La__seed-1_sample-3,q88jh5-pqq-la_model,q88jh5-pqq-la_model__envelope_12c9e6b669aeb9c8,Ca,released_static,-405473.8191076883,Ca-supported,correct
q88jh5-pqq-la_model__conditioned_La__seed-1_sample-3,q88jh5-pqq-la_model,q88jh5-pqq-la_model__envelope_12c9e6b669aeb9c8,Ca,tenfold_precision,-405467.2527387845,Ca-supported,correct
q88jh5-pqq-la_model__conditioned_La__seed-1_sample-3,q88jh5-pqq-la_model,q88jh5-pqq-la_model__envelope_12c9e6b669aeb9c8,Ca,tenfold_strict,-405467.25688091805,Ca-supported,correct
q88jh5-pqq-la_model__conditioned_La__seed-1_sample-4,q88jh5-pqq-la_model,q88jh5-pqq-la_model__envelope_12c9e6b669aeb9c8,Ca,envelope_mathematical,-405468.40043293685,Ca-supported,correct
q88jh5-pqq-la_model__conditioned_La__seed-1_sample-4,q88jh5-pqq-la_model,q88jh5-pqq-la_model__envelope_12c9e6b669aeb9c8,Ca,envelope_operational,-405468.40043293685,Ca-supported,correct
q88jh5-pqq-la_model__conditioned_La__seed-1_sample-4,q88jh5-pqq-la_model,q88jh5-pqq-la_model__envelope_12c9e6b669aeb9c8,Ca,envelope_origin,-405474.99055424077,Ca-supported,correct
q88jh5-pqq-la_model__conditioned_La__seed-1_sample-4,q88jh5-pqq-la_model,q88jh5-pqq-la_model__envelope_12c9e6b669aeb9c8,Ca,released_static,-405478.9561280459,Ca-supported,correct
q88jh5-pqq-la_model__conditioned_La__seed-1_sample-4,q88jh5-pqq-la_model,q88jh5-pqq-la_model__envelope_12c9e6b669aeb9c8,Ca,tenfold_precision,-405469.98936711106,Ca-supported,correct
q88jh5-pqq-la_model__conditioned_La__seed-1_sample-4,q88jh5-pqq-la_model,q88jh5-pqq-la_model__envelope_12c9e6b669aeb9c8,Ca,tenfold_strict,-405469.9913632658,Ca-supported,correct
q89gy2-pqq-la_model__conditioned_La__seed-1_sample-0,q89gy2-pqq-la_model,q89gy2-pqq-la_model__envelope_d6071546219d9d9e,La,envelope_mathematical,-405439.75260605407,La-supported,correct
q89gy2-pqq-la_model__conditioned_La__seed-1_sample-0,q89gy2-pqq-la_model,q89gy2-pqq-la_model__envelope_d6071546219d9d9e,La,envelope_operational,-405439.75260605407,La-supported,correct
q89gy2-pqq-la_model__conditioned_La__seed-1_sample-0,q89gy2-pqq-la_model,q89gy2-pqq-la_model__envelope_d6071546219d9d9e,La,envelope_origin,-405438.7477510855,La-supported,correct
q89gy2-pqq-la_model__conditioned_La__seed-1_sample-0,q89gy2-pqq-la_model,q89gy2-pqq-la_model__envelope_d6071546219d9d9e,La,released_static,-405435.94970537786,La-supported,correct
q89gy2-pqq-la_model__conditioned_La__seed-1_sample-0,q89gy2-pqq-la_model,q89gy2-pqq-la_model__envelope_d6071546219d9d9e,La,tenfold_precision,-405436.9674168774,La-supported,correct
q89gy2-pqq-la_model__conditioned_La__seed-1_sample-0,q89gy2-pqq-la_model,q89gy2-pqq-la_model__envelope_d6071546219d9d9e,La,tenfold_strict,-405436.9705730592,La-supported,correct
q89gy2-pqq-la_model__conditioned_La__seed-1_sample-1,q89gy2-pqq-la_model,q89gy2-pqq-la_model__envelope_d6071546219d9d9e,La,envelope_mathematical,-405444.0080775687,La-supported,correct
q89gy2-pqq-la_model__conditioned_La__seed-1_sample-1,q89gy2-pqq-la_model,q89gy2-pqq-la_model__envelope_d6071546219d9d9e,La,envelope_operational,-405444.0080775687,La-supported,correct
q89gy2-pqq-la_model__conditioned_La__seed-1_sample-1,q89gy2-pqq-la_model,q89gy2-pqq-la_model__envelope_d6071546219d9d9e,La,envelope_origin,-405442.30377688824,La-supported,correct
q89gy2-pqq-la_model__conditioned_La__seed-1_sample-1,q89gy2-pqq-la_model,q89gy2-pqq-la_model__envelope_d6071546219d9d9e,La,released_static,-405439.09694351634,La-supported,correct
q89gy2-pqq-la_model__conditioned_La__seed-1_sample-1,q89gy2-pqq-la_model,q89gy2-pqq-la_model__envelope_d6071546219d9d9e,La,tenfold_precision,-405441.5876292491,La-supported,correct
q89gy2-pqq-la_model__conditioned_La__seed-1_sample-1,q89gy2-pqq-la_model,q89gy2-pqq-la_model__envelope_d6071546219d9d9e,La,tenfold_strict,-405441.5895528173,La-supported,correct
q89gy2-pqq-la_model__conditioned_La__seed-1_sample-2,q89gy2-pqq-la_model,q89gy2-pqq-la_model__envelope_d6071546219d9d9e,La,envelope_mathematical,-405441.3534626001,La-supported,correct
q89gy2-pqq-la_model__conditioned_La__seed-1_sample-2,q89gy2-pqq-la_model,q89gy2-pqq-la_model__envelope_d6071546219d9d9e,La,envelope_operational,-405441.3534626001,La-supported,correct
q89gy2-pqq-la_model__conditioned_La__seed-1_sample-2,q89gy2-pqq-la_model,q89gy2-pqq-la_model__envelope_d6071546219d9d9e,La,envelope_origin,-405444.29645554174,La-supported,correct
q89gy2-pqq-la_model__conditioned_La__seed-1_sample-2,q89gy2-pqq-la_model,q89gy2-pqq-la_model__envelope_d6071546219d9d9e,La,released_static,-405440.70534905035,La-supported,correct
q89gy2-pqq-la_model__conditioned_La__seed-1_sample-2,q89gy2-pqq-la_model,q89gy2-pqq-la_model__envelope_d6071546219d9d9e,La,tenfold_precision,-405438.7412417061,La-supported,correct
q89gy2-pqq-la_model__conditioned_La__seed-1_sample-2,q89gy2-pqq-la_model,q89gy2-pqq-la_model__envelope_d6071546219d9d9e,La,tenfold_strict,-405438.6749793669,La-supported,correct
q89gy2-pqq-la_model__conditioned_La__seed-1_sample-4,q89gy2-pqq-la_model,q89gy2-pqq-la_model__envelope_d6071546219d9d9e,La,envelope_mathematical,-405435.86426400155,La-supported,correct
q89gy2-pqq-la_model__conditioned_La__seed-1_sample-4,q89gy2-pqq-la_model,q89gy2-pqq-la_model__envelope_d6071546219d9d9e,La,envelope_operational,-405435.86426400155,La-supported,correct
q89gy2-pqq-la_model__conditioned_La__seed-1_sample-4,q89gy2-pqq-la_model,q89gy2-pqq-la_model__envelope_d6071546219d9d9e,La,envelope_origin,-405439.523625904,La-supported,correct
q89gy2-pqq-la_model__conditioned_La__seed-1_sample-4,q89gy2-pqq-la_model,q89gy2-pqq-la_model__envelope_d6071546219d9d9e,La,released_static,-405436.28800721664,La-supported,correct
q89gy2-pqq-la_model__conditioned_La__seed-1_sample-4,q89gy2-pqq-la_model,q89gy2-pqq-la_model__envelope_d6071546219d9d9e,La,tenfold_precision,-405433.13154793106,La-supported,correct
q89gy2-pqq-la_model__conditioned_La__seed-1_sample-4,q89gy2-pqq-la_model,q89gy2-pqq-la_model__envelope_d6071546219d9d9e,La,tenfold_strict,-405433.1353794643,La-supported,correct
q8gr64-pqq-la_model__conditioned_La__seed-1_sample-0,q8gr64-pqq-la_model,q8gr64-pqq-la_model__envelope_0e84aa21f1346d1a,Ca,envelope_mathematical,-405481.73213013564,Ca-supported,correct
q8gr64-pqq-la_model__conditioned_La__seed-1_sample-0,q8gr64-pqq-la_model,q8gr64-pqq-la_model__envelope_0e84aa21f1346d1a,Ca,envelope_operational,-405481.73213013564,Ca-supported,correct
q8gr64-pqq-la_model__conditioned_La__seed-1_sample-0,q8gr64-pqq-la_model,q8gr64-pqq-la_model__envelope_0e84aa21f1346d1a,Ca,envelope_origin,-405492.14432667446,Ca-supported,correct
q8gr64-pqq-la_model__conditioned_La__seed-1_sample-0,q8gr64-pqq-la_model,q8gr64-pqq-la_model__envelope_0e84aa21f1346d1a,Ca,released_static,-405495.7163137585,Ca-supported,correct
q8gr64-pqq-la_model__conditioned_La__seed-1_sample-0,q8gr64-pqq-la_model,q8gr64-pqq-la_model__envelope_0e84aa21f1346d1a,Ca,tenfold_precision,-405480.34554775286,Ca-supported,correct
q8gr64-pqq-la_model__conditioned_La__seed-1_sample-0,q8gr64-pqq-la_model,q8gr64-pqq-la_model__envelope_0e84aa21f1346d1a,Ca,tenfold_strict,-405480.34412917355,Ca-supported,correct
q8gr64-pqq-la_model__conditioned_La__seed-1_sample-1,q8gr64-pqq-la_model,q8gr64-pqq-la_model__envelope_0e84aa21f1346d1a,Ca,envelope_mathematical,-405483.43332482094,Ca-supported,correct
q8gr64-pqq-la_model__conditioned_La__seed-1_sample-1,q8gr64-pqq-la_model,q8gr64-pqq-la_model__envelope_0e84aa21f1346d1a,Ca,envelope_operational,-405483.43332482094,Ca-supported,correct
q8gr64-pqq-la_model__conditioned_La__seed-1_sample-1,q8gr64-pqq-la_model,q8gr64-pqq-la_model__envelope_0e84aa21f1346d1a,Ca,envelope_origin,-405496.1341264245,Ca-supported,correct
q8gr64-pqq-la_model__conditioned_La__seed-1_sample-1,q8gr64-pqq-la_model,q8gr64-pqq-la_model__envelope_0e84aa21f1346d1a,Ca,released_static,-405497.40053161903,Ca-supported,correct
q8gr64-pqq-la_model__conditioned_La__seed-1_sample-1,q8gr64-pqq-la_model,q8gr64-pqq-la_model__envelope_0e84aa21f1346d1a,Ca,tenfold_precision,-405481.7711368918,Ca-supported,correct
q8gr64-pqq-la_model__conditioned_La__seed-1_sample-1,q8gr64-pqq-la_model,q8gr64-pqq-la_model__envelope_0e84aa21f1346d1a,Ca,tenfold_strict,-405481.76769023505,Ca-supported,correct
q8gr64-pqq-la_model__conditioned_La__seed-1_sample-3,q8gr64-pqq-la_model,q8gr64-pqq-la_model__envelope_0e84aa21f1346d1a,Ca,envelope_mathematical,-405481.9301744316,Ca-supported,correct
q8gr64-pqq-la_model__conditioned_La__seed-1_sample-3,q8gr64-pqq-la_model,q8gr64-pqq-la_model__envelope_0e84aa21f1346d1a,Ca,envelope_operational,-405481.9301744316,Ca-supported,correct
q8gr64-pqq-la_model__conditioned_La__seed-1_sample-3,q8gr64-pqq-la_model,q8gr64-pqq-la_model__envelope_0e84aa21f1346d1a,Ca,envelope_origin,-405492.8326380928,Ca-supported,correct
q8gr64-pqq-la_model__conditioned_La__seed-1_sample-3,q8gr64-pqq-la_model,q8gr64-pqq-la_model__envelope_0e84aa21f1346d1a,Ca,released_static,-405493.96486741287,Ca-supported,correct
q8gr64-pqq-la_model__conditioned_La__seed-1_sample-3,q8gr64-pqq-la_model,q8gr64-pqq-la_model__envelope_0e84aa21f1346d1a,Ca,tenfold_precision,-405480.3257744906,Ca-supported,correct
q8gr64-pqq-la_model__conditioned_La__seed-1_sample-3,q8gr64-pqq-la_model,q8gr64-pqq-la_model__envelope_0e84aa21f1346d1a,Ca,tenfold_strict,-405480.32343555073,Ca-supported,correct
q8gr64-pqq-la_model__conditioned_La__seed-1_sample-4,q8gr64-pqq-la_model,q8gr64-pqq-la_model__envelope_0e84aa21f1346d1a,Ca,envelope_mathematical,-405479.35848861845,Ca-supported,correct
q8gr64-pqq-la_model__conditioned_La__seed-1_sample-4,q8gr64-pqq-la_model,q8gr64-pqq-la_model__envelope_0e84aa21f1346d1a,Ca,envelope_operational,-405479.35848861845,Ca-supported,correct
q8gr64-pqq-la_model__conditioned_La__seed-1_sample-4,q8gr64-pqq-la_model,q8gr64-pqq-la_model__envelope_0e84aa21f1346d1a,Ca,envelope_origin,-405491.48231933184,Ca-supported,correct
q8gr64-pqq-la_model__conditioned_La__seed-1_sample-4,q8gr64-pqq-la_model,q8gr64-pqq-la_model__envelope_0e84aa21f1346d1a,Ca,released_static,-405492.8528387716,Ca-supported,correct
q8gr64-pqq-la_model__conditioned_La__seed-1_sample-4,q8gr64-pqq-la_model,q8gr64-pqq-la_model__envelope_0e84aa21f1346d1a,Ca,tenfold_precision,-405477.4283209779,Ca-supported,correct
q8gr64-pqq-la_model__conditioned_La__seed-1_sample-4,q8gr64-pqq-la_model,q8gr64-pqq-la_model__envelope_0e84aa21f1346d1a,Ca,tenfold_strict,-405477.42849455075,Ca-supported,correct
q92wy9-pqq-la_model__conditioned_La__seed-1_sample-0,q92wy9-pqq-la_model,q92wy9-pqq-la_model__envelope_95c60a681ae9e61a,La,envelope_mathematical,-405432.47556782776,La-supported,correct
q92wy9-pqq-la_model__conditioned_La__seed-1_sample-0,q92wy9-pqq-la_model,q92wy9-pqq-la_model__envelope_95c60a681ae9e61a,La,envelope_operational,-405432.47556782776,La-supported,correct
q92wy9-pqq-la_model__conditioned_La__seed-1_sample-0,q92wy9-pqq-la_model,q92wy9-pqq-la_model__envelope_95c60a681ae9e61a,La,envelope_origin,-405436.1761731127,La-supported,correct
q92wy9-pqq-la_model__conditioned_La__seed-1_sample-0,q92wy9-pqq-la_model,q92wy9-pqq-la_model__envelope_95c60a681ae9e61a,La,released_static,-405434.0985632278,La-supported,correct
q92wy9-pqq-la_model__conditioned_La__seed-1_sample-0,q92wy9-pqq-la_model,q92wy9-pqq-la_model__envelope_95c60a681ae9e61a,La,tenfold_precision,-405430.4773864062,La-supported,correct
q92wy9-pqq-la_model__conditioned_La__seed-1_sample-0,q92wy9-pqq-la_model,q92wy9-pqq-la_model__envelope_95c60a681ae9e61a,La,tenfold_strict,-405430.47706631804,La-supported,correct
q92wy9-pqq-la_model__conditioned_La__seed-1_sample-1,q92wy9-pqq-la_model,q92wy9-pqq-la_model__envelope_95c60a681ae9e61a,La,envelope_mathematical,-405428.2051725575,La-supported,correct
q92wy9-pqq-la_model__conditioned_La__seed-1_sample-1,q92wy9-pqq-la_model,q92wy9-pqq-la_model__envelope_95c60a681ae9e61a,La,envelope_operational,-405428.2051725575,La-supported,correct
q92wy9-pqq-la_model__conditioned_La__seed-1_sample-1,q92wy9-pqq-la_model,q92wy9-pqq-la_model__envelope_95c60a681ae9e61a,La,envelope_origin,-405430.53805989766,La-supported,correct
q92wy9-pqq-la_model__conditioned_La__seed-1_sample-1,q92wy9-pqq-la_model,q92wy9-pqq-la_model__envelope_95c60a681ae9e61a,La,released_static,-405426.9959162073,La-supported,correct
q92wy9-pqq-la_model__conditioned_La__seed-1_sample-1,q92wy9-pqq-la_model,q92wy9-pqq-la_model__envelope_95c60a681ae9e61a,La,tenfold_precision,-405425.00518547895,La-supported,correct
q92wy9-pqq-la_model__conditioned_La__seed-1_sample-1,q92wy9-pqq-la_model,q92wy9-pqq-la_model__envelope_95c60a681ae9e61a,La,tenfold_strict,-405425.0047129662,La-supported,correct
q92wy9-pqq-la_model__conditioned_La__seed-1_sample-2,q92wy9-pqq-la_model,q92wy9-pqq-la_model__envelope_95c60a681ae9e61a,La,envelope_mathematical,-405446.7556564892,La-supported,correct
q92wy9-pqq-la_model__conditioned_La__seed-1_sample-2,q92wy9-pqq-la_model,q92wy9-pqq-la_model__envelope_95c60a681ae9e61a,La,envelope_operational,-405446.7556564892,La-supported,correct
q92wy9-pqq-la_model__conditioned_La__seed-1_sample-2,q92wy9-pqq-la_model,q92wy9-pqq-la_model__envelope_95c60a681ae9e61a,La,envelope_origin,-405444.2172865425,La-supported,correct
q92wy9-pqq-la_model__conditioned_La__seed-1_sample-2,q92wy9-pqq-la_model,q92wy9-pqq-la_model__envelope_95c60a681ae9e61a,La,released_static,-405443.0483848102,La-supported,correct
q92wy9-pqq-la_model__conditioned_La__seed-1_sample-2,q92wy9-pqq-la_model,q92wy9-pqq-la_model__envelope_95c60a681ae9e61a,La,tenfold_precision,-405441.59672880586,La-supported,correct
q92wy9-pqq-la_model__conditioned_La__seed-1_sample-2,q92wy9-pqq-la_model,q92wy9-pqq-la_model__envelope_95c60a681ae9e61a,La,tenfold_strict,-405441.59379537666,La-supported,correct
q92wy9-pqq-la_model__conditioned_La__seed-1_sample-3,q92wy9-pqq-la_model,q92wy9-pqq-la_model__envelope_95c60a681ae9e61a,La,envelope_mathematical,-405432.91026500997,La-supported,correct
q92wy9-pqq-la_model__conditioned_La__seed-1_sample-3,q92wy9-pqq-la_model,q92wy9-pqq-la_model__envelope_95c60a681ae9e61a,La,envelope_operational,-405432.91026500997,La-supported,correct
q92wy9-pqq-la_model__conditioned_La__seed-1_sample-3,q92wy9-pqq-la_model,q92wy9-pqq-la_model__envelope_95c60a681ae9e61a,La,envelope_origin,-405437.7185248083,La-supported,correct
q92wy9-pqq-la_model__conditioned_La__seed-1_sample-3,q92wy9-pqq-la_model,q92wy9-pqq-la_model__envelope_95c60a681ae9e61a,La,released_static,-405434.14736613695,La-supported,correct
q92wy9-pqq-la_model__conditioned_La__seed-1_sample-3,q92wy9-pqq-la_model,q92wy9-pqq-la_model__envelope_95c60a681ae9e61a,La,tenfold_precision,-405429.8046506713,La-supported,correct
q92wy9-pqq-la_model__conditioned_La__seed-1_sample-3,q92wy9-pqq-la_model,q92wy9-pqq-la_model__envelope_95c60a681ae9e61a,La,tenfold_strict,-405429.787320751,La-supported,correct
q9l935-pqq-la_model__conditioned_La__seed-1_sample-0,q9l935-pqq-la_model,q9l935-pqq-la_model__envelope_722cdd31821909e8,Ca,envelope_mathematical,-405486.33339703636,Ca-supported,correct
q9l935-pqq-la_model__conditioned_La__seed-1_sample-0,q9l935-pqq-la_model,q9l935-pqq-la_model__envelope_722cdd31821909e8,Ca,envelope_operational,-405486.33339703636,Ca-supported,correct
q9l935-pqq-la_model__conditioned_La__seed-1_sample-0,q9l935-pqq-la_model,q9l935-pqq-la_model__envelope_722cdd31821909e8,Ca,envelope_origin,-405489.62791971135,Ca-supported,correct
q9l935-pqq-la_model__conditioned_La__seed-1_sample-0,q9l935-pqq-la_model,q9l935-pqq-la_model__envelope_722cdd31821909e8,Ca,released_static,-405489.4478354919,Ca-supported,correct
q9l935-pqq-la_model__conditioned_La__seed-1_sample-0,q9l935-pqq-la_model,q9l935-pqq-la_model__envelope_722cdd31821909e8,Ca,tenfold_precision,-405484.2868211063,Ca-supported,correct
q9l935-pqq-la_model__conditioned_La__seed-1_sample-0,q9l935-pqq-la_model,q9l935-pqq-la_model__envelope_722cdd31821909e8,Ca,tenfold_strict,-405484.28865914996,Ca-supported,correct
q9l935-pqq-la_model__conditioned_La__seed-1_sample-2,q9l935-pqq-la_model,q9l935-pqq-la_model__envelope_722cdd31821909e8,Ca,envelope_mathematical,-405484.49874651263,Ca-supported,correct
q9l935-pqq-la_model__conditioned_La__seed-1_sample-2,q9l935-pqq-la_model,q9l935-pqq-la_model__envelope_722cdd31821909e8,Ca,envelope_operational,-405484.49874651263,Ca-supported,correct
q9l935-pqq-la_model__conditioned_La__seed-1_sample-2,q9l935-pqq-la_model,q9l935-pqq-la_model__envelope_722cdd31821909e8,Ca,envelope_origin,-405491.81923402514,Ca-supported,correct
q9l935-pqq-la_model__conditioned_La__seed-1_sample-2,q9l935-pqq-la_model,q9l935-pqq-la_model__envelope_722cdd31821909e8,Ca,released_static,-405491.5913539396,Ca-supported,correct
q9l935-pqq-la_model__conditioned_La__seed-1_sample-2,q9l935-pqq-la_model,q9l935-pqq-la_model__envelope_722cdd31821909e8,Ca,tenfold_precision,-405483.5845613822,Ca-supported,correct
q9l935-pqq-la_model__conditioned_La__seed-1_sample-2,q9l935-pqq-la_model,q9l935-pqq-la_model__envelope_722cdd31821909e8,Ca,tenfold_strict,-405483.5818818106,Ca-supported,correct
q9l935-pqq-la_model__conditioned_La__seed-1_sample-3,q9l935-pqq-la_model,q9l935-pqq-la_model__envelope_722cdd31821909e8,Ca,envelope_mathematical,-405480.90806165425,Ca-supported,correct
q9l935-pqq-la_model__conditioned_La__seed-1_sample-3,q9l935-pqq-la_model,q9l935-pqq-la_model__envelope_722cdd31821909e8,Ca,envelope_operational,-405480.90806165425,Ca-supported,correct
q9l935-pqq-la_model__conditioned_La__seed-1_sample-3,q9l935-pqq-la_model,q9l935-pqq-la_model__envelope_722cdd31821909e8,Ca,envelope_origin,-405488.7904908599,Ca-supported,correct
q9l935-pqq-la_model__conditioned_La__seed-1_sample-3,q9l935-pqq-la_model,q9l935-pqq-la_model__envelope_722cdd31821909e8,Ca,released_static,-405488.7479575411,Ca-supported,correct
q9l935-pqq-la_model__conditioned_La__seed-1_sample-3,q9l935-pqq-la_model,q9l935-pqq-la_model__envelope_722cdd31821909e8,Ca,tenfold_precision,-405480.9072575421,Ca-supported,correct
q9l935-pqq-la_model__conditioned_La__seed-1_sample-3,q9l935-pqq-la_model,q9l935-pqq-la_model__envelope_722cdd31821909e8,Ca,tenfold_strict,-405480.9117289694,Ca-supported,correct
q9l935-pqq-la_model__conditioned_La__seed-1_sample-4,q9l935-pqq-la_model,q9l935-pqq-la_model__envelope_722cdd31821909e8,Ca,envelope_mathematical,-405487.77614074113,Ca-supported,correct
q9l935-pqq-la_model__conditioned_La__seed-1_sample-4,q9l935-pqq-la_model,q9l935-pqq-la_model__envelope_722cdd31821909e8,Ca,envelope_operational,-405487.77614074113,Ca-supported,correct
q9l935-pqq-la_model__conditioned_La__seed-1_sample-4,q9l935-pqq-la_model,q9l935-pqq-la_model__envelope_722cdd31821909e8,Ca,envelope_origin,-405490.5189129632,Ca-supported,correct
q9l935-pqq-la_model__conditioned_La__seed-1_sample-4,q9l935-pqq-la_model,q9l935-pqq-la_model__envelope_722cdd31821909e8,Ca,released_static,-405490.57682975265,Ca-supported,correct
q9l935-pqq-la_model__conditioned_La__seed-1_sample-4,q9l935-pqq-la_model,q9l935-pqq-la_model__envelope_722cdd31821909e8,Ca,tenfold_precision,-405484.70786153176,Ca-supported,correct
q9l935-pqq-la_model__conditioned_La__seed-1_sample-4,q9l935-pqq-la_model,q9l935-pqq-la_model__envelope_722cdd31821909e8,Ca,tenfold_strict,-405484.7077063343,Ca-supported,correct
q9z4j7-pqq-la_model__conditioned_La__seed-1_sample-1,q9z4j7-pqq-la_model,q9z4j7-pqq-la_model__envelope_5eba0c9b39ead1ee,Ca,envelope_mathematical,-405466.9682014313,Ca-supported,correct
q9z4j7-pqq-la_model__conditioned_La__seed-1_sample-1,q9z4j7-pqq-la_model,q9z4j7-pqq-la_model__envelope_5eba0c9b39ead1ee,Ca,envelope_operational,-405466.9682014313,Ca-supported,correct
q9z4j7-pqq-la_model__conditioned_La__seed-1_sample-1,q9z4j7-pqq-la_model,q9z4j7-pqq-la_model__envelope_5eba0c9b39ead1ee,Ca,envelope_origin,-405475.15315415483,Ca-supported,correct
q9z4j7-pqq-la_model__conditioned_La__seed-1_sample-1,q9z4j7-pqq-la_model,q9z4j7-pqq-la_model__envelope_5eba0c9b39ead1ee,Ca,released_static,-405466.9652434818,Ca-supported,correct
q9z4j7-pqq-la_model__conditioned_La__seed-1_sample-1,q9z4j7-pqq-la_model,q9z4j7-pqq-la_model__envelope_5eba0c9b39ead1ee,Ca,tenfold_precision,-405465.07548183104,Ca-supported,correct
q9z4j7-pqq-la_model__conditioned_La__seed-1_sample-1,q9z4j7-pqq-la_model,q9z4j7-pqq-la_model__envelope_5eba0c9b39ead1ee,Ca,tenfold_strict,-405465.0601610221,Ca-supported,correct
q9z4j7-pqq-la_model__conditioned_La__seed-1_sample-2,q9z4j7-pqq-la_model,q9z4j7-pqq-la_model__envelope_5eba0c9b39ead1ee,Ca,envelope_mathematical,-405476.4207961127,Ca-supported,correct
q9z4j7-pqq-la_model__conditioned_La__seed-1_sample-2,q9z4j7-pqq-la_model,q9z4j7-pqq-la_model__envelope_5eba0c9b39ead1ee,Ca,envelope_operational,-405476.4207961127,Ca-supported,correct
q9z4j7-pqq-la_model__conditioned_La__seed-1_sample-2,q9z4j7-pqq-la_model,q9z4j7-pqq-la_model__envelope_5eba0c9b39ead1ee,Ca,envelope_origin,-405479.34129336214,Ca-supported,correct
q9z4j7-pqq-la_model__conditioned_La__seed-1_sample-2,q9z4j7-pqq-la_model,q9z4j7-pqq-la_model__envelope_5eba0c9b39ead1ee,Ca,released_static,-405469.6848696391,Ca-supported,correct
q9z4j7-pqq-la_model__conditioned_La__seed-1_sample-2,q9z4j7-pqq-la_model,q9z4j7-pqq-la_model__envelope_5eba0c9b39ead1ee,Ca,tenfold_precision,-405475.2469417841,Ca-supported,correct
q9z4j7-pqq-la_model__conditioned_La__seed-1_sample-2,q9z4j7-pqq-la_model,q9z4j7-pqq-la_model__envelope_5eba0c9b39ead1ee,Ca,tenfold_strict,-405475.2483867697,Ca-supported,correct
q9z4j7-pqq-la_model__conditioned_La__seed-1_sample-3,q9z4j7-pqq-la_model,q9z4j7-pqq-la_model__envelope_5eba0c9b39ead1ee,Ca,envelope_mathematical,-405478.7451463738,Ca-supported,correct
q9z4j7-pqq-la_model__conditioned_La__seed-1_sample-3,q9z4j7-pqq-la_model,q9z4j7-pqq-la_model__envelope_5eba0c9b39ead1ee,Ca,envelope_operational,-405478.7451463738,Ca-supported,correct
q9z4j7-pqq-la_model__conditioned_La__seed-1_sample-3,q9z4j7-pqq-la_model,q9z4j7-pqq-la_model__envelope_5eba0c9b39ead1ee,Ca,envelope_origin,-405490.13199487265,Ca-supported,correct
q9z4j7-pqq-la_model__conditioned_La__seed-1_sample-3,q9z4j7-pqq-la_model,q9z4j7-pqq-la_model__envelope_5eba0c9b39ead1ee,Ca,released_static,-405488.87675400084,Ca-supported,correct
q9z4j7-pqq-la_model__conditioned_La__seed-1_sample-3,q9z4j7-pqq-la_model,q9z4j7-pqq-la_model__envelope_5eba0c9b39ead1ee,Ca,tenfold_precision,-405477.8654804025,Ca-supported,correct
q9z4j7-pqq-la_model__conditioned_La__seed-1_sample-3,q9z4j7-pqq-la_model,q9z4j7-pqq-la_model__envelope_5eba0c9b39ead1ee,Ca,tenfold_strict,-405477.8727549234,Ca-supported,correct
q9z4j7-pqq-la_model__conditioned_La__seed-1_sample-4,q9z4j7-pqq-la_model,q9z4j7-pqq-la_model__envelope_5eba0c9b39ead1ee,Ca,envelope_mathematical,-405475.56061235565,Ca-supported,correct
q9z4j7-pqq-la_model__conditioned_La__seed-1_sample-4,q9z4j7-pqq-la_model,q9z4j7-pqq-la_model__envelope_5eba0c9b39ead1ee,Ca,envelope_operational,-405475.56061235565,Ca-supported,correct
q9z4j7-pqq-la_model__conditioned_La__seed-1_sample-4,q9z4j7-pqq-la_model,q9z4j7-pqq-la_model__envelope_5eba0c9b39ead1ee,Ca,envelope_origin,-405478.6283397554,Ca-supported,correct
q9z4j7-pqq-la_model__conditioned_La__seed-1_sample-4,q9z4j7-pqq-la_model,q9z4j7-pqq-la_model__envelope_5eba0c9b39ead1ee,Ca,released_static,-405477.0637286686,Ca-supported,correct
q9z4j7-pqq-la_model__conditioned_La__seed-1_sample-4,q9z4j7-pqq-la_model,q9z4j7-pqq-la_model__envelope_5eba0c9b39ead1ee,Ca,tenfold_precision,-405474.8430694105,Ca-supported,correct
q9z4j7-pqq-la_model__conditioned_La__seed-1_sample-4,q9z4j7-pqq-la_model,q9z4j7-pqq-la_model__envelope_5eba0c9b39ead1ee,Ca,tenfold_strict,-405474.84352959075,Ca-supported,correct
