root_case_id,representation,expected_class,members,omitted_member,method,median_R_model_kcal_mol,decision,outcome,missing_members
a0a3f2yly8-pqq-la_model,core,La,a0a3f2yly8-pqq-la_model__conditioned_La__seed-1_sample-0|a0a3f2yly8-pqq-la_model__conditioned_La__seed-1_sample-2|a0a3f2yly8-pqq-la_model__conditioned_La__seed-1_sample-3,a0a3f2yly8-pqq-la_model__conditioned_La__seed-1_sample-4,composite,-405451.0657010818,inconclusive,inconclusive,
a0a3f2yly8-pqq-la_model,core,La,a0a3f2yly8-pqq-la_model__conditioned_La__seed-1_sample-0|a0a3f2yly8-pqq-la_model__conditioned_La__seed-1_sample-2|a0a3f2yly8-pqq-la_model__conditioned_La__seed-1_sample-3,a0a3f2yly8-pqq-la_model__conditioned_La__seed-1_sample-4,native,-405312.5473598975,La-supported,correct,
a0a3f2yly8-pqq-la_model,core,La,a0a3f2yly8-pqq-la_model__conditioned_La__seed-1_sample-0|a0a3f2yly8-pqq-la_model__conditioned_La__seed-1_sample-2|a0a3f2yly8-pqq-la_model__conditioned_La__seed-1_sample-4,a0a3f2yly8-pqq-la_model__conditioned_La__seed-1_sample-3,composite,-405444.26309885876,La-supported,correct,
a0a3f2yly8-pqq-la_model,core,La,a0a3f2yly8-pqq-la_model__conditioned_La__seed-1_sample-0|a0a3f2yly8-pqq-la_model__conditioned_La__seed-1_sample-2|a0a3f2yly8-pqq-la_model__conditioned_La__seed-1_sample-4,a0a3f2yly8-pqq-la_model__conditioned_La__seed-1_sample-3,native,-405307.13243520446,La-supported,correct,
a0a3f2yly8-pqq-la_model,core,La,a0a3f2yly8-pqq-la_model__conditioned_La__seed-1_sample-0|a0a3f2yly8-pqq-la_model__conditioned_La__seed-1_sample-3|a0a3f2yly8-pqq-la_model__conditioned_La__seed-1_sample-4,a0a3f2yly8-pqq-la_model__conditioned_La__seed-1_sample-2,composite,-405451.0657010818,inconclusive,inconclusive,
a0a3f2yly8-pqq-la_model,core,La,a0a3f2yly8-pqq-la_model__conditioned_La__seed-1_sample-0|a0a3f2yly8-pqq-la_model__conditioned_La__seed-1_sample-3|a0a3f2yly8-pqq-la_model__conditioned_La__seed-1_sample-4,a0a3f2yly8-pqq-la_model__conditioned_La__seed-1_sample-2,native,-405312.5473598975,La-supported,correct,
a0a3f2yly8-pqq-la_model,core,La,a0a3f2yly8-pqq-la_model__conditioned_La__seed-1_sample-2|a0a3f2yly8-pqq-la_model__conditioned_La__seed-1_sample-3|a0a3f2yly8-pqq-la_model__conditioned_La__seed-1_sample-4,a0a3f2yly8-pqq-la_model__conditioned_La__seed-1_sample-0,composite,-405444.26309885876,La-supported,correct,
a0a3f2yly8-pqq-la_model,core,La,a0a3f2yly8-pqq-la_model__conditioned_La__seed-1_sample-2|a0a3f2yly8-pqq-la_model__conditioned_La__seed-1_sample-3|a0a3f2yly8-pqq-la_model__conditioned_La__seed-1_sample-4,a0a3f2yly8-pqq-la_model__conditioned_La__seed-1_sample-0,native,-405307.13243520446,La-supported,correct,
a0acd6b9f2-pqq-la_model,core,La,a0acd6b9f2-pqq-la_model__conditioned_La__seed-1_sample-0|a0acd6b9f2-pqq-la_model__conditioned_La__seed-1_sample-1|a0acd6b9f2-pqq-la_model__conditioned_La__seed-1_sample-2,a0acd6b9f2-pqq-la_model__conditioned_La__seed-1_sample-4,composite,-405435.6825822929,La-supported,correct,
a0acd6b9f2-pqq-la_model,core,La,a0acd6b9f2-pqq-la_model__conditioned_La__seed-1_sample-0|a0acd6b9f2-pqq-la_model__conditioned_La__seed-1_sample-1|a0acd6b9f2-pqq-la_model__conditioned_La__seed-1_sample-2,a0acd6b9f2-pqq-la_model__conditioned_La__seed-1_sample-4,native,-405297.44266768784,La-supported,correct,
a0acd6b9f2-pqq-la_model,core,La,a0acd6b9f2-pqq-la_model__conditioned_La__seed-1_sample-0|a0acd6b9f2-pqq-la_model__conditioned_La__seed-1_sample-1|a0acd6b9f2-pqq-la_model__conditioned_La__seed-1_sample-4,a0acd6b9f2-pqq-la_model__conditioned_La__seed-1_sample-2,composite,-405438.0225288884,La-supported,correct,
a0acd6b9f2-pqq-la_model,core,La,a0acd6b9f2-pqq-la_model__conditioned_La__seed-1_sample-0|a0acd6b9f2-pqq-la_model__conditioned_La__seed-1_sample-1|a0acd6b9f2-pqq-la_model__conditioned_La__seed-1_sample-4,a0acd6b9f2-pqq-la_model__conditioned_La__seed-1_sample-2,native,-405301.72724386485,La-supported,correct,
a0acd6b9f2-pqq-la_model,core,La,a0acd6b9f2-pqq-la_model__conditioned_La__seed-1_sample-0|a0acd6b9f2-pqq-la_model__conditioned_La__seed-1_sample-2|a0acd6b9f2-pqq-la_model__conditioned_La__seed-1_sample-4,a0acd6b9f2-pqq-la_model__conditioned_La__seed-1_sample-1,composite,-405435.6825822929,La-supported,correct,
a0acd6b9f2-pqq-la_model,core,La,a0acd6b9f2-pqq-la_model__conditioned_La__seed-1_sample-0|a0acd6b9f2-pqq-la_model__conditioned_La__seed-1_sample-2|a0acd6b9f2-pqq-la_model__conditioned_La__seed-1_sample-4,a0acd6b9f2-pqq-la_model__conditioned_La__seed-1_sample-1,native,-405297.44266768784,La-supported,correct,
a0acd6b9f2-pqq-la_model,core,La,a0acd6b9f2-pqq-la_model__conditioned_La__seed-1_sample-1|a0acd6b9f2-pqq-la_model__conditioned_La__seed-1_sample-2|a0acd6b9f2-pqq-la_model__conditioned_La__seed-1_sample-4,a0acd6b9f2-pqq-la_model__conditioned_La__seed-1_sample-0,composite,-405438.0225288884,La-supported,correct,
a0acd6b9f2-pqq-la_model,core,La,a0acd6b9f2-pqq-la_model__conditioned_La__seed-1_sample-1|a0acd6b9f2-pqq-la_model__conditioned_La__seed-1_sample-2|a0acd6b9f2-pqq-la_model__conditioned_La__seed-1_sample-4,a0acd6b9f2-pqq-la_model__conditioned_La__seed-1_sample-0,native,-405301.72724386485,La-supported,correct,
c5atj3-pqq-la_model,core,La,c5atj3-pqq-la_model__conditioned_La__seed-1_sample-0|c5atj3-pqq-la_model__conditioned_La__seed-1_sample-1|c5atj3-pqq-la_model__conditioned_La__seed-1_sample-3,c5atj3-pqq-la_model__conditioned_La__seed-1_sample-4,composite,-405437.81064283027,La-supported,correct,
c5atj3-pqq-la_model,core,La,c5atj3-pqq-la_model__conditioned_La__seed-1_sample-0|c5atj3-pqq-la_model__conditioned_La__seed-1_sample-1|c5atj3-pqq-la_model__conditioned_La__seed-1_sample-3,c5atj3-pqq-la_model__conditioned_La__seed-1_sample-4,native,-405298.9997680683,La-supported,correct,
c5atj3-pqq-la_model,core,La,c5atj3-pqq-la_model__conditioned_La__seed-1_sample-0|c5atj3-pqq-la_model__conditioned_La__seed-1_sample-1|c5atj3-pqq-la_model__conditioned_La__seed-1_sample-4,c5atj3-pqq-la_model__conditioned_La__seed-1_sample-3,composite,-405433.14977290697,La-supported,correct,
c5atj3-pqq-la_model,core,La,c5atj3-pqq-la_model__conditioned_La__seed-1_sample-0|c5atj3-pqq-la_model__conditioned_La__seed-1_sample-1|c5atj3-pqq-la_model__conditioned_La__seed-1_sample-4,c5atj3-pqq-la_model__conditioned_La__seed-1_sample-3,native,-405298.9997680683,La-supported,correct,
c5atj3-pqq-la_model,core,La,c5atj3-pqq-la_model__conditioned_La__seed-1_sample-0|c5atj3-pqq-la_model__conditioned_La__seed-1_sample-3|c5atj3-pqq-la_model__conditioned_La__seed-1_sample-4,c5atj3-pqq-la_model__conditioned_La__seed-1_sample-1,composite,-405433.14977290697,La-supported,correct,
c5atj3-pqq-la_model,core,La,c5atj3-pqq-la_model__conditioned_La__seed-1_sample-0|c5atj3-pqq-la_model__conditioned_La__seed-1_sample-3|c5atj3-pqq-la_model__conditioned_La__seed-1_sample-4,c5atj3-pqq-la_model__conditioned_La__seed-1_sample-1,native,-405300.90625122155,La-supported,correct,
c5atj3-pqq-la_model,core,La,c5atj3-pqq-la_model__conditioned_La__seed-1_sample-1|c5atj3-pqq-la_model__conditioned_La__seed-1_sample-3|c5atj3-pqq-la_model__conditioned_La__seed-1_sample-4,c5atj3-pqq-la_model__conditioned_La__seed-1_sample-0,composite,-405437.81064283027,La-supported,correct,
c5atj3-pqq-la_model,core,La,c5atj3-pqq-la_model__conditioned_La__seed-1_sample-1|c5atj3-pqq-la_model__conditioned_La__seed-1_sample-3|c5atj3-pqq-la_model__conditioned_La__seed-1_sample-4,c5atj3-pqq-la_model__conditioned_La__seed-1_sample-0,native,-405300.90625122155,La-supported,correct,
c5axv8-pqq-la_model,core,La,c5axv8-pqq-la_model__conditioned_La__seed-1_sample-0|c5axv8-pqq-la_model__conditioned_La__seed-1_sample-2|c5axv8-pqq-la_model__conditioned_La__seed-1_sample-3,c5axv8-pqq-la_model__conditioned_La__seed-1_sample-4,composite,-405444.1785145912,La-supported,correct,
c5axv8-pqq-la_model,core,La,c5axv8-pqq-la_model__conditioned_La__seed-1_sample-0|c5axv8-pqq-la_model__conditioned_La__seed-1_sample-2|c5axv8-pqq-la_model__conditioned_La__seed-1_sample-3,c5axv8-pqq-la_model__conditioned_La__seed-1_sample-4,native,-405305.89200616267,La-supported,correct,
c5axv8-pqq-la_model,core,La,c5axv8-pqq-la_model__conditioned_La__seed-1_sample-0|c5axv8-pqq-la_model__conditioned_La__seed-1_sample-2|c5axv8-pqq-la_model__conditioned_La__seed-1_sample-4,c5axv8-pqq-la_model__conditioned_La__seed-1_sample-3,composite,-405441.8637958265,La-supported,correct,
c5axv8-pqq-la_model,core,La,c5axv8-pqq-la_model__conditioned_La__seed-1_sample-0|c5axv8-pqq-la_model__conditioned_La__seed-1_sample-2|c5axv8-pqq-la_model__conditioned_La__seed-1_sample-4,c5axv8-pqq-la_model__conditioned_La__seed-1_sample-3,native,-405306.48085259524,La-supported,correct,
c5axv8-pqq-la_model,core,La,c5axv8-pqq-la_model__conditioned_La__seed-1_sample-0|c5axv8-pqq-la_model__conditioned_La__seed-1_sample-3|c5axv8-pqq-la_model__conditioned_La__seed-1_sample-4,c5axv8-pqq-la_model__conditioned_La__seed-1_sample-2,composite,-405441.8637958265,La-supported,correct,
c5axv8-pqq-la_model,core,La,c5axv8-pqq-la_model__conditioned_La__seed-1_sample-0|c5axv8-pqq-la_model__conditioned_La__seed-1_sample-3|c5axv8-pqq-la_model__conditioned_La__seed-1_sample-4,c5axv8-pqq-la_model__conditioned_La__seed-1_sample-2,native,-405306.48085259524,La-supported,correct,
c5axv8-pqq-la_model,core,La,c5axv8-pqq-la_model__conditioned_La__seed-1_sample-2|c5axv8-pqq-la_model__conditioned_La__seed-1_sample-3|c5axv8-pqq-la_model__conditioned_La__seed-1_sample-4,c5axv8-pqq-la_model__conditioned_La__seed-1_sample-0,composite,-405444.1785145912,La-supported,correct,
c5axv8-pqq-la_model,core,La,c5axv8-pqq-la_model__conditioned_La__seed-1_sample-2|c5axv8-pqq-la_model__conditioned_La__seed-1_sample-3|c5axv8-pqq-la_model__conditioned_La__seed-1_sample-4,c5axv8-pqq-la_model__conditioned_La__seed-1_sample-0,native,-405305.89200616267,La-supported,correct,
c5b120-pqq-la_model,core,La,c5b120-pqq-la_model__conditioned_La__seed-1_sample-1|c5b120-pqq-la_model__conditioned_La__seed-1_sample-2|c5b120-pqq-la_model__conditioned_La__seed-1_sample-3,c5b120-pqq-la_model__conditioned_La__seed-1_sample-4,composite,-405442.50525455835,La-supported,correct,
c5b120-pqq-la_model,core,La,c5b120-pqq-la_model__conditioned_La__seed-1_sample-1|c5b120-pqq-la_model__conditioned_La__seed-1_sample-2|c5b120-pqq-la_model__conditioned_La__seed-1_sample-3,c5b120-pqq-la_model__conditioned_La__seed-1_sample-4,native,-405303.4034272784,La-supported,correct,
c5b120-pqq-la_model,core,La,c5b120-pqq-la_model__conditioned_La__seed-1_sample-1|c5b120-pqq-la_model__conditioned_La__seed-1_sample-2|c5b120-pqq-la_model__conditioned_La__seed-1_sample-4,c5b120-pqq-la_model__conditioned_La__seed-1_sample-3,composite,-405440.4602950495,La-supported,correct,
c5b120-pqq-la_model,core,La,c5b120-pqq-la_model__conditioned_La__seed-1_sample-1|c5b120-pqq-la_model__conditioned_La__seed-1_sample-2|c5b120-pqq-la_model__conditioned_La__seed-1_sample-4,c5b120-pqq-la_model__conditioned_La__seed-1_sample-3,native,-405300.2188731652,La-supported,correct,
c5b120-pqq-la_model,core,La,c5b120-pqq-la_model__conditioned_La__seed-1_sample-1|c5b120-pqq-la_model__conditioned_La__seed-1_sample-3|c5b120-pqq-la_model__conditioned_La__seed-1_sample-4,c5b120-pqq-la_model__conditioned_La__seed-1_sample-2,composite,-405440.4602950495,La-supported,correct,
c5b120-pqq-la_model,core,La,c5b120-pqq-la_model__conditioned_La__seed-1_sample-1|c5b120-pqq-la_model__conditioned_La__seed-1_sample-3|c5b120-pqq-la_model__conditioned_La__seed-1_sample-4,c5b120-pqq-la_model__conditioned_La__seed-1_sample-2,native,-405300.2188731652,La-supported,correct,
c5b120-pqq-la_model,core,La,c5b120-pqq-la_model__conditioned_La__seed-1_sample-2|c5b120-pqq-la_model__conditioned_La__seed-1_sample-3|c5b120-pqq-la_model__conditioned_La__seed-1_sample-4,c5b120-pqq-la_model__conditioned_La__seed-1_sample-1,composite,-405442.50525455835,La-supported,correct,
c5b120-pqq-la_model,core,La,c5b120-pqq-la_model__conditioned_La__seed-1_sample-2|c5b120-pqq-la_model__conditioned_La__seed-1_sample-3|c5b120-pqq-la_model__conditioned_La__seed-1_sample-4,c5b120-pqq-la_model__conditioned_La__seed-1_sample-1,native,-405303.4034272784,La-supported,correct,
i0jwn7-pqq-la_model,core,La,i0jwn7-pqq-la_model__conditioned_La__seed-1_sample-0|i0jwn7-pqq-la_model__conditioned_La__seed-1_sample-1|i0jwn7-pqq-la_model__conditioned_La__seed-1_sample-2,i0jwn7-pqq-la_model__conditioned_La__seed-1_sample-4,composite,-405435.7894678087,La-supported,correct,
i0jwn7-pqq-la_model,core,La,i0jwn7-pqq-la_model__conditioned_La__seed-1_sample-0|i0jwn7-pqq-la_model__conditioned_La__seed-1_sample-1|i0jwn7-pqq-la_model__conditioned_La__seed-1_sample-2,i0jwn7-pqq-la_model__conditioned_La__seed-1_sample-4,native,-405300.31593672157,La-supported,correct,
i0jwn7-pqq-la_model,core,La,i0jwn7-pqq-la_model__conditioned_La__seed-1_sample-0|i0jwn7-pqq-la_model__conditioned_La__seed-1_sample-1|i0jwn7-pqq-la_model__conditioned_La__seed-1_sample-4,i0jwn7-pqq-la_model__conditioned_La__seed-1_sample-2,composite,-405434.63666350744,La-supported,correct,
i0jwn7-pqq-la_model,core,La,i0jwn7-pqq-la_model__conditioned_La__seed-1_sample-0|i0jwn7-pqq-la_model__conditioned_La__seed-1_sample-1|i0jwn7-pqq-la_model__conditioned_La__seed-1_sample-4,i0jwn7-pqq-la_model__conditioned_La__seed-1_sample-2,native,-405299.18872779846,La-supported,correct,
i0jwn7-pqq-la_model,core,La,i0jwn7-pqq-la_model__conditioned_La__seed-1_sample-0|i0jwn7-pqq-la_model__conditioned_La__seed-1_sample-2|i0jwn7-pqq-la_model__conditioned_La__seed-1_sample-4,i0jwn7-pqq-la_model__conditioned_La__seed-1_sample-1,composite,-405435.7894678087,La-supported,correct,
i0jwn7-pqq-la_model,core,La,i0jwn7-pqq-la_model__conditioned_La__seed-1_sample-0|i0jwn7-pqq-la_model__conditioned_La__seed-1_sample-2|i0jwn7-pqq-la_model__conditioned_La__seed-1_sample-4,i0jwn7-pqq-la_model__conditioned_La__seed-1_sample-1,native,-405300.31593672157,La-supported,correct,
i0jwn7-pqq-la_model,core,La,i0jwn7-pqq-la_model__conditioned_La__seed-1_sample-1|i0jwn7-pqq-la_model__conditioned_La__seed-1_sample-2|i0jwn7-pqq-la_model__conditioned_La__seed-1_sample-4,i0jwn7-pqq-la_model__conditioned_La__seed-1_sample-0,composite,-405434.63666350744,La-supported,correct,
i0jwn7-pqq-la_model,core,La,i0jwn7-pqq-la_model__conditioned_La__seed-1_sample-1|i0jwn7-pqq-la_model__conditioned_La__seed-1_sample-2|i0jwn7-pqq-la_model__conditioned_La__seed-1_sample-4,i0jwn7-pqq-la_model__conditioned_La__seed-1_sample-0,native,-405299.18872779846,La-supported,correct,
mmol_1770-pqq-la_model,core,La,mmol_1770-pqq-la_model__conditioned_La__seed-1_sample-0|mmol_1770-pqq-la_model__conditioned_La__seed-1_sample-1|mmol_1770-pqq-la_model__conditioned_La__seed-1_sample-2,mmol_1770-pqq-la_model__conditioned_La__seed-1_sample-4,composite,-405439.6587295782,La-supported,correct,
mmol_1770-pqq-la_model,core,La,mmol_1770-pqq-la_model__conditioned_La__seed-1_sample-0|mmol_1770-pqq-la_model__conditioned_La__seed-1_sample-1|mmol_1770-pqq-la_model__conditioned_La__seed-1_sample-2,mmol_1770-pqq-la_model__conditioned_La__seed-1_sample-4,native,-405302.3855035934,La-supported,correct,
mmol_1770-pqq-la_model,core,La,mmol_1770-pqq-la_model__conditioned_La__seed-1_sample-0|mmol_1770-pqq-la_model__conditioned_La__seed-1_sample-1|mmol_1770-pqq-la_model__conditioned_La__seed-1_sample-4,mmol_1770-pqq-la_model__conditioned_La__seed-1_sample-2,composite,,unavailable,unavailable,mmol_1770-pqq-la_model__conditioned_La__seed-1_sample-4
mmol_1770-pqq-la_model,core,La,mmol_1770-pqq-la_model__conditioned_La__seed-1_sample-0|mmol_1770-pqq-la_model__conditioned_La__seed-1_sample-1|mmol_1770-pqq-la_model__conditioned_La__seed-1_sample-4,mmol_1770-pqq-la_model__conditioned_La__seed-1_sample-2,native,,unavailable,unavailable,mmol_1770-pqq-la_model__conditioned_La__seed-1_sample-4
mmol_1770-pqq-la_model,core,La,mmol_1770-pqq-la_model__conditioned_La__seed-1_sample-0|mmol_1770-pqq-la_model__conditioned_La__seed-1_sample-2|mmol_1770-pqq-la_model__conditioned_La__seed-1_sample-4,mmol_1770-pqq-la_model__conditioned_La__seed-1_sample-1,composite,,unavailable,unavailable,mmol_1770-pqq-la_model__conditioned_La__seed-1_sample-4
mmol_1770-pqq-la_model,core,La,mmol_1770-pqq-la_model__conditioned_La__seed-1_sample-0|mmol_1770-pqq-la_model__conditioned_La__seed-1_sample-2|mmol_1770-pqq-la_model__conditioned_La__seed-1_sample-4,mmol_1770-pqq-la_model__conditioned_La__seed-1_sample-1,native,,unavailable,unavailable,mmol_1770-pqq-la_model__conditioned_La__seed-1_sample-4
mmol_1770-pqq-la_model,core,La,mmol_1770-pqq-la_model__conditioned_La__seed-1_sample-1|mmol_1770-pqq-la_model__conditioned_La__seed-1_sample-2|mmol_1770-pqq-la_model__conditioned_La__seed-1_sample-4,mmol_1770-pqq-la_model__conditioned_La__seed-1_sample-0,composite,,unavailable,unavailable,mmol_1770-pqq-la_model__conditioned_La__seed-1_sample-4
mmol_1770-pqq-la_model,core,La,mmol_1770-pqq-la_model__conditioned_La__seed-1_sample-1|mmol_1770-pqq-la_model__conditioned_La__seed-1_sample-2|mmol_1770-pqq-la_model__conditioned_La__seed-1_sample-4,mmol_1770-pqq-la_model__conditioned_La__seed-1_sample-0,native,,unavailable,unavailable,mmol_1770-pqq-la_model__conditioned_La__seed-1_sample-4
mmol_2048-pqq-la_model,core,La,mmol_2048-pqq-la_model__conditioned_La__seed-1_sample-0|mmol_2048-pqq-la_model__conditioned_La__seed-1_sample-1|mmol_2048-pqq-la_model__conditioned_La__seed-1_sample-2,mmol_2048-pqq-la_model__conditioned_La__seed-1_sample-3,composite,-405445.081522445,La-supported,correct,
mmol_2048-pqq-la_model,core,La,mmol_2048-pqq-la_model__conditioned_La__seed-1_sample-0|mmol_2048-pqq-la_model__conditioned_La__seed-1_sample-1|mmol_2048-pqq-la_model__conditioned_La__seed-1_sample-2,mmol_2048-pqq-la_model__conditioned_La__seed-1_sample-3,native,-405305.4058981389,La-supported,correct,
mmol_2048-pqq-la_model,core,La,mmol_2048-pqq-la_model__conditioned_La__seed-1_sample-0|mmol_2048-pqq-la_model__conditioned_La__seed-1_sample-1|mmol_2048-pqq-la_model__conditioned_La__seed-1_sample-3,mmol_2048-pqq-la_model__conditioned_La__seed-1_sample-2,composite,-405445.081522445,La-supported,correct,
mmol_2048-pqq-la_model,core,La,mmol_2048-pqq-la_model__conditioned_La__seed-1_sample-0|mmol_2048-pqq-la_model__conditioned_La__seed-1_sample-1|mmol_2048-pqq-la_model__conditioned_La__seed-1_sample-3,mmol_2048-pqq-la_model__conditioned_La__seed-1_sample-2,native,-405306.1409933646,La-supported,correct,
mmol_2048-pqq-la_model,core,La,mmol_2048-pqq-la_model__conditioned_La__seed-1_sample-0|mmol_2048-pqq-la_model__conditioned_La__seed-1_sample-2|mmol_2048-pqq-la_model__conditioned_La__seed-1_sample-3,mmol_2048-pqq-la_model__conditioned_La__seed-1_sample-1,composite,-405435.45258917514,La-supported,correct,
mmol_2048-pqq-la_model,core,La,mmol_2048-pqq-la_model__conditioned_La__seed-1_sample-0|mmol_2048-pqq-la_model__conditioned_La__seed-1_sample-2|mmol_2048-pqq-la_model__conditioned_La__seed-1_sample-3,mmol_2048-pqq-la_model__conditioned_La__seed-1_sample-1,native,-405305.4058981389,La-supported,correct,
mmol_2048-pqq-la_model,core,La,mmol_2048-pqq-la_model__conditioned_La__seed-1_sample-1|mmol_2048-pqq-la_model__conditioned_La__seed-1_sample-2|mmol_2048-pqq-la_model__conditioned_La__seed-1_sample-3,mmol_2048-pqq-la_model__conditioned_La__seed-1_sample-0,composite,-405435.45258917514,La-supported,correct,
mmol_2048-pqq-la_model,core,La,mmol_2048-pqq-la_model__conditioned_La__seed-1_sample-1|mmol_2048-pqq-la_model__conditioned_La__seed-1_sample-2|mmol_2048-pqq-la_model__conditioned_La__seed-1_sample-3,mmol_2048-pqq-la_model__conditioned_La__seed-1_sample-0,native,-405306.1409933646,La-supported,correct,
q88jh0-pqq-la_model,core,La,q88jh0-pqq-la_model__conditioned_La__seed-1_sample-1|q88jh0-pqq-la_model__conditioned_La__seed-1_sample-2|q88jh0-pqq-la_model__conditioned_La__seed-1_sample-3,q88jh0-pqq-la_model__conditioned_La__seed-1_sample-4,composite,-405438.1196162345,La-supported,correct,
q88jh0-pqq-la_model,core,La,q88jh0-pqq-la_model__conditioned_La__seed-1_sample-1|q88jh0-pqq-la_model__conditioned_La__seed-1_sample-2|q88jh0-pqq-la_model__conditioned_La__seed-1_sample-3,q88jh0-pqq-la_model__conditioned_La__seed-1_sample-4,native,-405302.61740628193,La-supported,correct,
q88jh0-pqq-la_model,core,La,q88jh0-pqq-la_model__conditioned_La__seed-1_sample-1|q88jh0-pqq-la_model__conditioned_La__seed-1_sample-2|q88jh0-pqq-la_model__conditioned_La__seed-1_sample-4,q88jh0-pqq-la_model__conditioned_La__seed-1_sample-3,composite,-405433.45305316185,La-supported,correct,
q88jh0-pqq-la_model,core,La,q88jh0-pqq-la_model__conditioned_La__seed-1_sample-1|q88jh0-pqq-la_model__conditioned_La__seed-1_sample-2|q88jh0-pqq-la_model__conditioned_La__seed-1_sample-4,q88jh0-pqq-la_model__conditioned_La__seed-1_sample-3,native,-405304.81404461846,La-supported,correct,
q88jh0-pqq-la_model,core,La,q88jh0-pqq-la_model__conditioned_La__seed-1_sample-1|q88jh0-pqq-la_model__conditioned_La__seed-1_sample-3|q88jh0-pqq-la_model__conditioned_La__seed-1_sample-4,q88jh0-pqq-la_model__conditioned_La__seed-1_sample-2,composite,-405438.1196162345,La-supported,correct,
q88jh0-pqq-la_model,core,La,q88jh0-pqq-la_model__conditioned_La__seed-1_sample-1|q88jh0-pqq-la_model__conditioned_La__seed-1_sample-3|q88jh0-pqq-la_model__conditioned_La__seed-1_sample-4,q88jh0-pqq-la_model__conditioned_La__seed-1_sample-2,native,-405302.61740628193,La-supported,correct,
q88jh0-pqq-la_model,core,La,q88jh0-pqq-la_model__conditioned_La__seed-1_sample-2|q88jh0-pqq-la_model__conditioned_La__seed-1_sample-3|q88jh0-pqq-la_model__conditioned_La__seed-1_sample-4,q88jh0-pqq-la_model__conditioned_La__seed-1_sample-1,composite,-405433.45305316185,La-supported,correct,
q88jh0-pqq-la_model,core,La,q88jh0-pqq-la_model__conditioned_La__seed-1_sample-2|q88jh0-pqq-la_model__conditioned_La__seed-1_sample-3|q88jh0-pqq-la_model__conditioned_La__seed-1_sample-4,q88jh0-pqq-la_model__conditioned_La__seed-1_sample-1,native,-405304.81404461846,La-supported,correct,
q89gy2-pqq-la_model,core,La,q89gy2-pqq-la_model__conditioned_La__seed-1_sample-0|q89gy2-pqq-la_model__conditioned_La__seed-1_sample-1|q89gy2-pqq-la_model__conditioned_La__seed-1_sample-2,q89gy2-pqq-la_model__conditioned_La__seed-1_sample-4,composite,-405436.44429071294,La-supported,correct,
q89gy2-pqq-la_model,core,La,q89gy2-pqq-la_model__conditioned_La__seed-1_sample-0|q89gy2-pqq-la_model__conditioned_La__seed-1_sample-1|q89gy2-pqq-la_model__conditioned_La__seed-1_sample-2,q89gy2-pqq-la_model__conditioned_La__seed-1_sample-4,native,-405303.28542920935,La-supported,correct,
q89gy2-pqq-la_model,core,La,q89gy2-pqq-la_model__conditioned_La__seed-1_sample-0|q89gy2-pqq-la_model__conditioned_La__seed-1_sample-1|q89gy2-pqq-la_model__conditioned_La__seed-1_sample-4,q89gy2-pqq-la_model__conditioned_La__seed-1_sample-2,composite,-405434.9792195649,La-supported,correct,
q89gy2-pqq-la_model,core,La,q89gy2-pqq-la_model__conditioned_La__seed-1_sample-0|q89gy2-pqq-la_model__conditioned_La__seed-1_sample-1|q89gy2-pqq-la_model__conditioned_La__seed-1_sample-4,q89gy2-pqq-la_model__conditioned_La__seed-1_sample-2,native,-405303.28542920935,La-supported,correct,
q89gy2-pqq-la_model,core,La,q89gy2-pqq-la_model__conditioned_La__seed-1_sample-0|q89gy2-pqq-la_model__conditioned_La__seed-1_sample-2|q89gy2-pqq-la_model__conditioned_La__seed-1_sample-4,q89gy2-pqq-la_model__conditioned_La__seed-1_sample-1,composite,-405436.44429071294,La-supported,correct,
q89gy2-pqq-la_model,core,La,q89gy2-pqq-la_model__conditioned_La__seed-1_sample-0|q89gy2-pqq-la_model__conditioned_La__seed-1_sample-2|q89gy2-pqq-la_model__conditioned_La__seed-1_sample-4,q89gy2-pqq-la_model__conditioned_La__seed-1_sample-1,native,-405301.07202715846,La-supported,correct,
q89gy2-pqq-la_model,core,La,q89gy2-pqq-la_model__conditioned_La__seed-1_sample-1|q89gy2-pqq-la_model__conditioned_La__seed-1_sample-2|q89gy2-pqq-la_model__conditioned_La__seed-1_sample-4,q89gy2-pqq-la_model__conditioned_La__seed-1_sample-0,composite,-405434.9792195649,La-supported,correct,
q89gy2-pqq-la_model,core,La,q89gy2-pqq-la_model__conditioned_La__seed-1_sample-1|q89gy2-pqq-la_model__conditioned_La__seed-1_sample-2|q89gy2-pqq-la_model__conditioned_La__seed-1_sample-4,q89gy2-pqq-la_model__conditioned_La__seed-1_sample-0,native,-405301.07202715846,La-supported,correct,
q92wy9-pqq-la_model,core,La,q92wy9-pqq-la_model__conditioned_La__seed-1_sample-0|q92wy9-pqq-la_model__conditioned_La__seed-1_sample-1|q92wy9-pqq-la_model__conditioned_La__seed-1_sample-2,q92wy9-pqq-la_model__conditioned_La__seed-1_sample-3,composite,-405436.7792261231,La-supported,correct,
q92wy9-pqq-la_model,core,La,q92wy9-pqq-la_model__conditioned_La__seed-1_sample-0|q92wy9-pqq-la_model__conditioned_La__seed-1_sample-1|q92wy9-pqq-la_model__conditioned_La__seed-1_sample-2,q92wy9-pqq-la_model__conditioned_La__seed-1_sample-3,native,-405298.1341231939,La-supported,correct,
q92wy9-pqq-la_model,core,La,q92wy9-pqq-la_model__conditioned_La__seed-1_sample-0|q92wy9-pqq-la_model__conditioned_La__seed-1_sample-1|q92wy9-pqq-la_model__conditioned_La__seed-1_sample-3,q92wy9-pqq-la_model__conditioned_La__seed-1_sample-2,composite,-405429.5279466513,La-supported,correct,
q92wy9-pqq-la_model,core,La,q92wy9-pqq-la_model__conditioned_La__seed-1_sample-0|q92wy9-pqq-la_model__conditioned_La__seed-1_sample-1|q92wy9-pqq-la_model__conditioned_La__seed-1_sample-3,q92wy9-pqq-la_model__conditioned_La__seed-1_sample-2,native,-405298.2897923463,La-supported,correct,
q92wy9-pqq-la_model,core,La,q92wy9-pqq-la_model__conditioned_La__seed-1_sample-0|q92wy9-pqq-la_model__conditioned_La__seed-1_sample-2|q92wy9-pqq-la_model__conditioned_La__seed-1_sample-3,q92wy9-pqq-la_model__conditioned_La__seed-1_sample-1,composite,-405436.7792261231,La-supported,correct,
q92wy9-pqq-la_model,core,La,q92wy9-pqq-la_model__conditioned_La__seed-1_sample-0|q92wy9-pqq-la_model__conditioned_La__seed-1_sample-2|q92wy9-pqq-la_model__conditioned_La__seed-1_sample-3,q92wy9-pqq-la_model__conditioned_La__seed-1_sample-1,native,-405298.2897923463,La-supported,correct,
q92wy9-pqq-la_model,core,La,q92wy9-pqq-la_model__conditioned_La__seed-1_sample-1|q92wy9-pqq-la_model__conditioned_La__seed-1_sample-2|q92wy9-pqq-la_model__conditioned_La__seed-1_sample-3,q92wy9-pqq-la_model__conditioned_La__seed-1_sample-0,composite,-405429.5279466513,La-supported,correct,
q92wy9-pqq-la_model,core,La,q92wy9-pqq-la_model__conditioned_La__seed-1_sample-1|q92wy9-pqq-la_model__conditioned_La__seed-1_sample-2|q92wy9-pqq-la_model__conditioned_La__seed-1_sample-3,q92wy9-pqq-la_model__conditioned_La__seed-1_sample-0,native,-405298.1341231939,La-supported,correct,
a8r3s4-pqq-la_model,core,Ca,a8r3s4-pqq-la_model__conditioned_La__seed-1_sample-1|a8r3s4-pqq-la_model__conditioned_La__seed-1_sample-2|a8r3s4-pqq-la_model__conditioned_La__seed-1_sample-3,a8r3s4-pqq-la_model__conditioned_La__seed-1_sample-4,composite,-405478.24960268306,inconclusive,inconclusive,
a8r3s4-pqq-la_model,core,Ca,a8r3s4-pqq-la_model__conditioned_La__seed-1_sample-1|a8r3s4-pqq-la_model__conditioned_La__seed-1_sample-2|a8r3s4-pqq-la_model__conditioned_La__seed-1_sample-3,a8r3s4-pqq-la_model__conditioned_La__seed-1_sample-4,native,-405398.6851928607,Ca-supported,correct,
a8r3s4-pqq-la_model,core,Ca,a8r3s4-pqq-la_model__conditioned_La__seed-1_sample-1|a8r3s4-pqq-la_model__conditioned_La__seed-1_sample-2|a8r3s4-pqq-la_model__conditioned_La__seed-1_sample-4,a8r3s4-pqq-la_model__conditioned_La__seed-1_sample-3,composite,-405483.0524359942,Ca-supported,correct,
a8r3s4-pqq-la_model,core,Ca,a8r3s4-pqq-la_model__conditioned_La__seed-1_sample-1|a8r3s4-pqq-la_model__conditioned_La__seed-1_sample-2|a8r3s4-pqq-la_model__conditioned_La__seed-1_sample-4,a8r3s4-pqq-la_model__conditioned_La__seed-1_sample-3,native,-405396.0488254025,Ca-supported,correct,
a8r3s4-pqq-la_model,core,Ca,a8r3s4-pqq-la_model__conditioned_La__seed-1_sample-1|a8r3s4-pqq-la_model__conditioned_La__seed-1_sample-3|a8r3s4-pqq-la_model__conditioned_La__seed-1_sample-4,a8r3s4-pqq-la_model__conditioned_La__seed-1_sample-2,composite,-405478.24960268306,inconclusive,inconclusive,
a8r3s4-pqq-la_model,core,Ca,a8r3s4-pqq-la_model__conditioned_La__seed-1_sample-1|a8r3s4-pqq-la_model__conditioned_La__seed-1_sample-3|a8r3s4-pqq-la_model__conditioned_La__seed-1_sample-4,a8r3s4-pqq-la_model__conditioned_La__seed-1_sample-2,native,-405398.6851928607,Ca-supported,correct,
a8r3s4-pqq-la_model,core,Ca,a8r3s4-pqq-la_model__conditioned_La__seed-1_sample-2|a8r3s4-pqq-la_model__conditioned_La__seed-1_sample-3|a8r3s4-pqq-la_model__conditioned_La__seed-1_sample-4,a8r3s4-pqq-la_model__conditioned_La__seed-1_sample-1,composite,-405483.0524359942,Ca-supported,correct,
a8r3s4-pqq-la_model,core,Ca,a8r3s4-pqq-la_model__conditioned_La__seed-1_sample-2|a8r3s4-pqq-la_model__conditioned_La__seed-1_sample-3|a8r3s4-pqq-la_model__conditioned_La__seed-1_sample-4,a8r3s4-pqq-la_model__conditioned_La__seed-1_sample-1,native,-405396.0488254025,Ca-supported,correct,
atq70401.1-pqq-la_model,core,Ca,atq70401.1-pqq-la_model__conditioned_La__seed-1_sample-1|atq70401.1-pqq-la_model__conditioned_La__seed-1_sample-2|atq70401.1-pqq-la_model__conditioned_La__seed-1_sample-3,atq70401.1-pqq-la_model__conditioned_La__seed-1_sample-4,composite,-405498.2647164159,Ca-supported,correct,
atq70401.1-pqq-la_model,core,Ca,atq70401.1-pqq-la_model__conditioned_La__seed-1_sample-1|atq70401.1-pqq-la_model__conditioned_La__seed-1_sample-2|atq70401.1-pqq-la_model__conditioned_La__seed-1_sample-3,atq70401.1-pqq-la_model__conditioned_La__seed-1_sample-4,native,-405406.7129453058,Ca-supported,correct,
atq70401.1-pqq-la_model,core,Ca,atq70401.1-pqq-la_model__conditioned_La__seed-1_sample-1|atq70401.1-pqq-la_model__conditioned_La__seed-1_sample-2|atq70401.1-pqq-la_model__conditioned_La__seed-1_sample-4,atq70401.1-pqq-la_model__conditioned_La__seed-1_sample-3,composite,-405492.9032945061,Ca-supported,correct,
atq70401.1-pqq-la_model,core,Ca,atq70401.1-pqq-la_model__conditioned_La__seed-1_sample-1|atq70401.1-pqq-la_model__conditioned_La__seed-1_sample-2|atq70401.1-pqq-la_model__conditioned_La__seed-1_sample-4,atq70401.1-pqq-la_model__conditioned_La__seed-1_sample-3,native,-405406.7129453058,Ca-supported,correct,
atq70401.1-pqq-la_model,core,Ca,atq70401.1-pqq-la_model__conditioned_La__seed-1_sample-1|atq70401.1-pqq-la_model__conditioned_La__seed-1_sample-3|atq70401.1-pqq-la_model__conditioned_La__seed-1_sample-4,atq70401.1-pqq-la_model__conditioned_La__seed-1_sample-2,composite,-405498.2647164159,Ca-supported,correct,
atq70401.1-pqq-la_model,core,Ca,atq70401.1-pqq-la_model__conditioned_La__seed-1_sample-1|atq70401.1-pqq-la_model__conditioned_La__seed-1_sample-3|atq70401.1-pqq-la_model__conditioned_La__seed-1_sample-4,atq70401.1-pqq-la_model__conditioned_La__seed-1_sample-2,native,-405407.83295338746,Ca-supported,correct,
atq70401.1-pqq-la_model,core,Ca,atq70401.1-pqq-la_model__conditioned_La__seed-1_sample-2|atq70401.1-pqq-la_model__conditioned_La__seed-1_sample-3|atq70401.1-pqq-la_model__conditioned_La__seed-1_sample-4,atq70401.1-pqq-la_model__conditioned_La__seed-1_sample-1,composite,-405492.9032945061,Ca-supported,correct,
atq70401.1-pqq-la_model,core,Ca,atq70401.1-pqq-la_model__conditioned_La__seed-1_sample-2|atq70401.1-pqq-la_model__conditioned_La__seed-1_sample-3|atq70401.1-pqq-la_model__conditioned_La__seed-1_sample-4,atq70401.1-pqq-la_model__conditioned_La__seed-1_sample-1,native,-405407.83295338746,Ca-supported,correct,
bbl57595.1-pqq-la_model,core,Ca,bbl57595.1-pqq-la_model__conditioned_La__seed-1_sample-0|bbl57595.1-pqq-la_model__conditioned_La__seed-1_sample-1|bbl57595.1-pqq-la_model__conditioned_La__seed-1_sample-3,bbl57595.1-pqq-la_model__conditioned_La__seed-1_sample-4,composite,-405493.8289601343,Ca-supported,correct,
bbl57595.1-pqq-la_model,core,Ca,bbl57595.1-pqq-la_model__conditioned_La__seed-1_sample-0|bbl57595.1-pqq-la_model__conditioned_La__seed-1_sample-1|bbl57595.1-pqq-la_model__conditioned_La__seed-1_sample-3,bbl57595.1-pqq-la_model__conditioned_La__seed-1_sample-4,native,-405403.5609289814,Ca-supported,correct,
bbl57595.1-pqq-la_model,core,Ca,bbl57595.1-pqq-la_model__conditioned_La__seed-1_sample-0|bbl57595.1-pqq-la_model__conditioned_La__seed-1_sample-1|bbl57595.1-pqq-la_model__conditioned_La__seed-1_sample-4,bbl57595.1-pqq-la_model__conditioned_La__seed-1_sample-3,composite,-405493.7629316628,Ca-supported,correct,
bbl57595.1-pqq-la_model,core,Ca,bbl57595.1-pqq-la_model__conditioned_La__seed-1_sample-0|bbl57595.1-pqq-la_model__conditioned_La__seed-1_sample-1|bbl57595.1-pqq-la_model__conditioned_La__seed-1_sample-4,bbl57595.1-pqq-la_model__conditioned_La__seed-1_sample-3,native,-405402.07082229346,Ca-supported,correct,
bbl57595.1-pqq-la_model,core,Ca,bbl57595.1-pqq-la_model__conditioned_La__seed-1_sample-0|bbl57595.1-pqq-la_model__conditioned_La__seed-1_sample-3|bbl57595.1-pqq-la_model__conditioned_La__seed-1_sample-4,bbl57595.1-pqq-la_model__conditioned_La__seed-1_sample-1,composite,-405493.8289601343,Ca-supported,correct,
bbl57595.1-pqq-la_model,core,Ca,bbl57595.1-pqq-la_model__conditioned_La__seed-1_sample-0|bbl57595.1-pqq-la_model__conditioned_La__seed-1_sample-3|bbl57595.1-pqq-la_model__conditioned_La__seed-1_sample-4,bbl57595.1-pqq-la_model__conditioned_La__seed-1_sample-1,native,-405403.5609289814,Ca-supported,correct,
bbl57595.1-pqq-la_model,core,Ca,bbl57595.1-pqq-la_model__conditioned_La__seed-1_sample-1|bbl57595.1-pqq-la_model__conditioned_La__seed-1_sample-3|bbl57595.1-pqq-la_model__conditioned_La__seed-1_sample-4,bbl57595.1-pqq-la_model__conditioned_La__seed-1_sample-0,composite,-405493.7629316628,Ca-supported,correct,
bbl57595.1-pqq-la_model,core,Ca,bbl57595.1-pqq-la_model__conditioned_La__seed-1_sample-1|bbl57595.1-pqq-la_model__conditioned_La__seed-1_sample-3|bbl57595.1-pqq-la_model__conditioned_La__seed-1_sample-4,bbl57595.1-pqq-la_model__conditioned_La__seed-1_sample-0,native,-405402.07082229346,Ca-supported,correct,
o24759-pqq-la_model,core,Ca,o24759-pqq-la_model__conditioned_La__seed-1_sample-0|o24759-pqq-la_model__conditioned_La__seed-1_sample-1|o24759-pqq-la_model__conditioned_La__seed-1_sample-2,o24759-pqq-la_model__conditioned_La__seed-1_sample-4,composite,-405490.3108214063,Ca-supported,correct,
o24759-pqq-la_model,core,Ca,o24759-pqq-la_model__conditioned_La__seed-1_sample-0|o24759-pqq-la_model__conditioned_La__seed-1_sample-1|o24759-pqq-la_model__conditioned_La__seed-1_sample-2,o24759-pqq-la_model__conditioned_La__seed-1_sample-4,native,-405404.8519693425,Ca-supported,correct,
o24759-pqq-la_model,core,Ca,o24759-pqq-la_model__conditioned_La__seed-1_sample-0|o24759-pqq-la_model__conditioned_La__seed-1_sample-1|o24759-pqq-la_model__conditioned_La__seed-1_sample-4,o24759-pqq-la_model__conditioned_La__seed-1_sample-2,composite,-405490.3108214063,Ca-supported,correct,
o24759-pqq-la_model,core,Ca,o24759-pqq-la_model__conditioned_La__seed-1_sample-0|o24759-pqq-la_model__conditioned_La__seed-1_sample-1|o24759-pqq-la_model__conditioned_La__seed-1_sample-4,o24759-pqq-la_model__conditioned_La__seed-1_sample-2,native,-405404.8519693425,Ca-supported,correct,
o24759-pqq-la_model,core,Ca,o24759-pqq-la_model__conditioned_La__seed-1_sample-0|o24759-pqq-la_model__conditioned_La__seed-1_sample-2|o24759-pqq-la_model__conditioned_La__seed-1_sample-4,o24759-pqq-la_model__conditioned_La__seed-1_sample-1,composite,-405485.71772424947,Ca-supported,correct,
o24759-pqq-la_model,core,Ca,o24759-pqq-la_model__conditioned_La__seed-1_sample-0|o24759-pqq-la_model__conditioned_La__seed-1_sample-2|o24759-pqq-la_model__conditioned_La__seed-1_sample-4,o24759-pqq-la_model__conditioned_La__seed-1_sample-1,native,-405411.11048149504,Ca-supported,correct,
o24759-pqq-la_model,core,Ca,o24759-pqq-la_model__conditioned_La__seed-1_sample-1|o24759-pqq-la_model__conditioned_La__seed-1_sample-2|o24759-pqq-la_model__conditioned_La__seed-1_sample-4,o24759-pqq-la_model__conditioned_La__seed-1_sample-0,composite,-405485.71772424947,Ca-supported,correct,
o24759-pqq-la_model,core,Ca,o24759-pqq-la_model__conditioned_La__seed-1_sample-1|o24759-pqq-la_model__conditioned_La__seed-1_sample-2|o24759-pqq-la_model__conditioned_La__seed-1_sample-4,o24759-pqq-la_model__conditioned_La__seed-1_sample-0,native,-405411.11048149504,Ca-supported,correct,
p12293-pqq-la_model,core,Ca,p12293-pqq-la_model__conditioned_La__seed-1_sample-0|p12293-pqq-la_model__conditioned_La__seed-1_sample-1|p12293-pqq-la_model__conditioned_La__seed-1_sample-2,p12293-pqq-la_model__conditioned_La__seed-1_sample-3,composite,-405492.82911976456,Ca-supported,correct,
p12293-pqq-la_model,core,Ca,p12293-pqq-la_model__conditioned_La__seed-1_sample-0|p12293-pqq-la_model__conditioned_La__seed-1_sample-1|p12293-pqq-la_model__conditioned_La__seed-1_sample-2,p12293-pqq-la_model__conditioned_La__seed-1_sample-3,native,-405405.7166220025,Ca-supported,correct,
p12293-pqq-la_model,core,Ca,p12293-pqq-la_model__conditioned_La__seed-1_sample-0|p12293-pqq-la_model__conditioned_La__seed-1_sample-1|p12293-pqq-la_model__conditioned_La__seed-1_sample-3,p12293-pqq-la_model__conditioned_La__seed-1_sample-2,composite,-405492.82911976456,Ca-supported,correct,
p12293-pqq-la_model,core,Ca,p12293-pqq-la_model__conditioned_La__seed-1_sample-0|p12293-pqq-la_model__conditioned_La__seed-1_sample-1|p12293-pqq-la_model__conditioned_La__seed-1_sample-3,p12293-pqq-la_model__conditioned_La__seed-1_sample-2,native,-405406.56152732146,Ca-supported,correct,
p12293-pqq-la_model,core,Ca,p12293-pqq-la_model__conditioned_La__seed-1_sample-0|p12293-pqq-la_model__conditioned_La__seed-1_sample-2|p12293-pqq-la_model__conditioned_La__seed-1_sample-3,p12293-pqq-la_model__conditioned_La__seed-1_sample-1,composite,-405497.14485133893,Ca-supported,correct,
p12293-pqq-la_model,core,Ca,p12293-pqq-la_model__conditioned_La__seed-1_sample-0|p12293-pqq-la_model__conditioned_La__seed-1_sample-2|p12293-pqq-la_model__conditioned_La__seed-1_sample-3,p12293-pqq-la_model__conditioned_La__seed-1_sample-1,native,-405406.56152732146,Ca-supported,correct,
p12293-pqq-la_model,core,Ca,p12293-pqq-la_model__conditioned_La__seed-1_sample-1|p12293-pqq-la_model__conditioned_La__seed-1_sample-2|p12293-pqq-la_model__conditioned_La__seed-1_sample-3,p12293-pqq-la_model__conditioned_La__seed-1_sample-0,composite,-405497.14485133893,Ca-supported,correct,
p12293-pqq-la_model,core,Ca,p12293-pqq-la_model__conditioned_La__seed-1_sample-1|p12293-pqq-la_model__conditioned_La__seed-1_sample-2|p12293-pqq-la_model__conditioned_La__seed-1_sample-3,p12293-pqq-la_model__conditioned_La__seed-1_sample-0,native,-405405.7166220025,Ca-supported,correct,
p15279-pqq-la_model,core,Ca,p15279-pqq-la_model__conditioned_La__seed-1_sample-0|p15279-pqq-la_model__conditioned_La__seed-1_sample-1|p15279-pqq-la_model__conditioned_La__seed-1_sample-3,p15279-pqq-la_model__conditioned_La__seed-1_sample-4,composite,,unavailable,unavailable,p15279-pqq-la_model__conditioned_La__seed-1_sample-3
p15279-pqq-la_model,core,Ca,p15279-pqq-la_model__conditioned_La__seed-1_sample-0|p15279-pqq-la_model__conditioned_La__seed-1_sample-1|p15279-pqq-la_model__conditioned_La__seed-1_sample-3,p15279-pqq-la_model__conditioned_La__seed-1_sample-4,native,-405406.7314841382,Ca-supported,correct,
p15279-pqq-la_model,core,Ca,p15279-pqq-la_model__conditioned_La__seed-1_sample-0|p15279-pqq-la_model__conditioned_La__seed-1_sample-1|p15279-pqq-la_model__conditioned_La__seed-1_sample-4,p15279-pqq-la_model__conditioned_La__seed-1_sample-3,composite,-405492.26823149185,Ca-supported,correct,
p15279-pqq-la_model,core,Ca,p15279-pqq-la_model__conditioned_La__seed-1_sample-0|p15279-pqq-la_model__conditioned_La__seed-1_sample-1|p15279-pqq-la_model__conditioned_La__seed-1_sample-4,p15279-pqq-la_model__conditioned_La__seed-1_sample-3,native,-405407.15137212194,Ca-supported,correct,
p15279-pqq-la_model,core,Ca,p15279-pqq-la_model__conditioned_La__seed-1_sample-0|p15279-pqq-la_model__conditioned_La__seed-1_sample-3|p15279-pqq-la_model__conditioned_La__seed-1_sample-4,p15279-pqq-la_model__conditioned_La__seed-1_sample-1,composite,,unavailable,unavailable,p15279-pqq-la_model__conditioned_La__seed-1_sample-3
p15279-pqq-la_model,core,Ca,p15279-pqq-la_model__conditioned_La__seed-1_sample-0|p15279-pqq-la_model__conditioned_La__seed-1_sample-3|p15279-pqq-la_model__conditioned_La__seed-1_sample-4,p15279-pqq-la_model__conditioned_La__seed-1_sample-1,native,-405407.15137212194,Ca-supported,correct,
p15279-pqq-la_model,core,Ca,p15279-pqq-la_model__conditioned_La__seed-1_sample-1|p15279-pqq-la_model__conditioned_La__seed-1_sample-3|p15279-pqq-la_model__conditioned_La__seed-1_sample-4,p15279-pqq-la_model__conditioned_La__seed-1_sample-0,composite,,unavailable,unavailable,p15279-pqq-la_model__conditioned_La__seed-1_sample-3
p15279-pqq-la_model,core,Ca,p15279-pqq-la_model__conditioned_La__seed-1_sample-1|p15279-pqq-la_model__conditioned_La__seed-1_sample-3|p15279-pqq-la_model__conditioned_La__seed-1_sample-4,p15279-pqq-la_model__conditioned_La__seed-1_sample-0,native,-405406.7314841382,Ca-supported,correct,
p16027-pqq-la_model,core,Ca,p16027-pqq-la_model__conditioned_La__seed-1_sample-0|p16027-pqq-la_model__conditioned_La__seed-1_sample-1|p16027-pqq-la_model__conditioned_La__seed-1_sample-3,p16027-pqq-la_model__conditioned_La__seed-1_sample-4,composite,-405495.4773120847,Ca-supported,correct,
p16027-pqq-la_model,core,Ca,p16027-pqq-la_model__conditioned_La__seed-1_sample-0|p16027-pqq-la_model__conditioned_La__seed-1_sample-1|p16027-pqq-la_model__conditioned_La__seed-1_sample-3,p16027-pqq-la_model__conditioned_La__seed-1_sample-4,native,-405405.3154582066,Ca-supported,correct,
p16027-pqq-la_model,core,Ca,p16027-pqq-la_model__conditioned_La__seed-1_sample-0|p16027-pqq-la_model__conditioned_La__seed-1_sample-1|p16027-pqq-la_model__conditioned_La__seed-1_sample-4,p16027-pqq-la_model__conditioned_La__seed-1_sample-3,composite,-405495.4773120847,Ca-supported,correct,
p16027-pqq-la_model,core,Ca,p16027-pqq-la_model__conditioned_La__seed-1_sample-0|p16027-pqq-la_model__conditioned_La__seed-1_sample-1|p16027-pqq-la_model__conditioned_La__seed-1_sample-4,p16027-pqq-la_model__conditioned_La__seed-1_sample-3,native,-405406.98229453777,Ca-supported,correct,
p16027-pqq-la_model,core,Ca,p16027-pqq-la_model__conditioned_La__seed-1_sample-0|p16027-pqq-la_model__conditioned_La__seed-1_sample-3|p16027-pqq-la_model__conditioned_La__seed-1_sample-4,p16027-pqq-la_model__conditioned_La__seed-1_sample-1,composite,-405493.50464563014,Ca-supported,correct,
p16027-pqq-la_model,core,Ca,p16027-pqq-la_model__conditioned_La__seed-1_sample-0|p16027-pqq-la_model__conditioned_La__seed-1_sample-3|p16027-pqq-la_model__conditioned_La__seed-1_sample-4,p16027-pqq-la_model__conditioned_La__seed-1_sample-1,native,-405405.3154582066,Ca-supported,correct,
p16027-pqq-la_model,core,Ca,p16027-pqq-la_model__conditioned_La__seed-1_sample-1|p16027-pqq-la_model__conditioned_La__seed-1_sample-3|p16027-pqq-la_model__conditioned_La__seed-1_sample-4,p16027-pqq-la_model__conditioned_La__seed-1_sample-0,composite,-405493.50464563014,Ca-supported,correct,
p16027-pqq-la_model,core,Ca,p16027-pqq-la_model__conditioned_La__seed-1_sample-1|p16027-pqq-la_model__conditioned_La__seed-1_sample-3|p16027-pqq-la_model__conditioned_La__seed-1_sample-4,p16027-pqq-la_model__conditioned_La__seed-1_sample-0,native,-405406.98229453777,Ca-supported,correct,
p38539-pqq-la_model,core,Ca,p38539-pqq-la_model__conditioned_La__seed-1_sample-1|p38539-pqq-la_model__conditioned_La__seed-1_sample-2|p38539-pqq-la_model__conditioned_La__seed-1_sample-3,p38539-pqq-la_model__conditioned_La__seed-1_sample-4,composite,-405494.4210589615,Ca-supported,correct,
p38539-pqq-la_model,core,Ca,p38539-pqq-la_model__conditioned_La__seed-1_sample-1|p38539-pqq-la_model__conditioned_La__seed-1_sample-2|p38539-pqq-la_model__conditioned_La__seed-1_sample-3,p38539-pqq-la_model__conditioned_La__seed-1_sample-4,native,-405405.7211182922,Ca-supported,correct,
p38539-pqq-la_model,core,Ca,p38539-pqq-la_model__conditioned_La__seed-1_sample-1|p38539-pqq-la_model__conditioned_La__seed-1_sample-2|p38539-pqq-la_model__conditioned_La__seed-1_sample-4,p38539-pqq-la_model__conditioned_La__seed-1_sample-3,composite,-405494.4210589615,Ca-supported,correct,
p38539-pqq-la_model,core,Ca,p38539-pqq-la_model__conditioned_La__seed-1_sample-1|p38539-pqq-la_model__conditioned_La__seed-1_sample-2|p38539-pqq-la_model__conditioned_La__seed-1_sample-4,p38539-pqq-la_model__conditioned_La__seed-1_sample-3,native,-405405.03849894006,Ca-supported,correct,
p38539-pqq-la_model,core,Ca,p38539-pqq-la_model__conditioned_La__seed-1_sample-1|p38539-pqq-la_model__conditioned_La__seed-1_sample-3|p38539-pqq-la_model__conditioned_La__seed-1_sample-4,p38539-pqq-la_model__conditioned_La__seed-1_sample-2,composite,-405496.41751463985,Ca-supported,correct,
p38539-pqq-la_model,core,Ca,p38539-pqq-la_model__conditioned_La__seed-1_sample-1|p38539-pqq-la_model__conditioned_La__seed-1_sample-3|p38539-pqq-la_model__conditioned_La__seed-1_sample-4,p38539-pqq-la_model__conditioned_La__seed-1_sample-2,native,-405405.7211182922,Ca-supported,correct,
p38539-pqq-la_model,core,Ca,p38539-pqq-la_model__conditioned_La__seed-1_sample-2|p38539-pqq-la_model__conditioned_La__seed-1_sample-3|p38539-pqq-la_model__conditioned_La__seed-1_sample-4,p38539-pqq-la_model__conditioned_La__seed-1_sample-1,composite,-405496.41751463985,Ca-supported,correct,
p38539-pqq-la_model,core,Ca,p38539-pqq-la_model__conditioned_La__seed-1_sample-2|p38539-pqq-la_model__conditioned_La__seed-1_sample-3|p38539-pqq-la_model__conditioned_La__seed-1_sample-4,p38539-pqq-la_model__conditioned_La__seed-1_sample-1,native,-405405.03849894006,Ca-supported,correct,
q4w6g0-pqq-la_model,core,Ca,q4w6g0-pqq-la_model__conditioned_La__seed-1_sample-0|q4w6g0-pqq-la_model__conditioned_La__seed-1_sample-1|q4w6g0-pqq-la_model__conditioned_La__seed-1_sample-3,q4w6g0-pqq-la_model__conditioned_La__seed-1_sample-4,composite,-405488.05478934175,Ca-supported,correct,
q4w6g0-pqq-la_model,core,Ca,q4w6g0-pqq-la_model__conditioned_La__seed-1_sample-0|q4w6g0-pqq-la_model__conditioned_La__seed-1_sample-1|q4w6g0-pqq-la_model__conditioned_La__seed-1_sample-3,q4w6g0-pqq-la_model__conditioned_La__seed-1_sample-4,native,-405397.77900294086,Ca-supported,correct,
q4w6g0-pqq-la_model,core,Ca,q4w6g0-pqq-la_model__conditioned_La__seed-1_sample-0|q4w6g0-pqq-la_model__conditioned_La__seed-1_sample-1|q4w6g0-pqq-la_model__conditioned_La__seed-1_sample-4,q4w6g0-pqq-la_model__conditioned_La__seed-1_sample-3,composite,-405483.2880151568,Ca-supported,correct,
q4w6g0-pqq-la_model,core,Ca,q4w6g0-pqq-la_model__conditioned_La__seed-1_sample-0|q4w6g0-pqq-la_model__conditioned_La__seed-1_sample-1|q4w6g0-pqq-la_model__conditioned_La__seed-1_sample-4,q4w6g0-pqq-la_model__conditioned_La__seed-1_sample-3,native,-405397.77900294086,Ca-supported,correct,
q4w6g0-pqq-la_model,core,Ca,q4w6g0-pqq-la_model__conditioned_La__seed-1_sample-0|q4w6g0-pqq-la_model__conditioned_La__seed-1_sample-3|q4w6g0-pqq-la_model__conditioned_La__seed-1_sample-4,q4w6g0-pqq-la_model__conditioned_La__seed-1_sample-1,composite,-405483.2880151568,Ca-supported,correct,
q4w6g0-pqq-la_model,core,Ca,q4w6g0-pqq-la_model__conditioned_La__seed-1_sample-0|q4w6g0-pqq-la_model__conditioned_La__seed-1_sample-3|q4w6g0-pqq-la_model__conditioned_La__seed-1_sample-4,q4w6g0-pqq-la_model__conditioned_La__seed-1_sample-1,native,-405396.74361279537,Ca-supported,correct,
q4w6g0-pqq-la_model,core,Ca,q4w6g0-pqq-la_model__conditioned_La__seed-1_sample-1|q4w6g0-pqq-la_model__conditioned_La__seed-1_sample-3|q4w6g0-pqq-la_model__conditioned_La__seed-1_sample-4,q4w6g0-pqq-la_model__conditioned_La__seed-1_sample-0,composite,-405488.05478934175,Ca-supported,correct,
q4w6g0-pqq-la_model,core,Ca,q4w6g0-pqq-la_model__conditioned_La__seed-1_sample-1|q4w6g0-pqq-la_model__conditioned_La__seed-1_sample-3|q4w6g0-pqq-la_model__conditioned_La__seed-1_sample-4,q4w6g0-pqq-la_model__conditioned_La__seed-1_sample-0,native,-405396.74361279537,Ca-supported,correct,
q60ar6-pqq-la_model,core,Ca,q60ar6-pqq-la_model__conditioned_La__seed-1_sample-0|q60ar6-pqq-la_model__conditioned_La__seed-1_sample-2|q60ar6-pqq-la_model__conditioned_La__seed-1_sample-3,q60ar6-pqq-la_model__conditioned_La__seed-1_sample-4,composite,-405487.98298000015,Ca-supported,correct,
q60ar6-pqq-la_model,core,Ca,q60ar6-pqq-la_model__conditioned_La__seed-1_sample-0|q60ar6-pqq-la_model__conditioned_La__seed-1_sample-2|q60ar6-pqq-la_model__conditioned_La__seed-1_sample-3,q60ar6-pqq-la_model__conditioned_La__seed-1_sample-4,native,-405403.2661228116,Ca-supported,correct,
q60ar6-pqq-la_model,core,Ca,q60ar6-pqq-la_model__conditioned_La__seed-1_sample-0|q60ar6-pqq-la_model__conditioned_La__seed-1_sample-2|q60ar6-pqq-la_model__conditioned_La__seed-1_sample-4,q60ar6-pqq-la_model__conditioned_La__seed-1_sample-3,composite,-405489.2890754312,Ca-supported,correct,
q60ar6-pqq-la_model,core,Ca,q60ar6-pqq-la_model__conditioned_La__seed-1_sample-0|q60ar6-pqq-la_model__conditioned_La__seed-1_sample-2|q60ar6-pqq-la_model__conditioned_La__seed-1_sample-4,q60ar6-pqq-la_model__conditioned_La__seed-1_sample-3,native,-405401.5242819612,Ca-supported,correct,
q60ar6-pqq-la_model,core,Ca,q60ar6-pqq-la_model__conditioned_La__seed-1_sample-0|q60ar6-pqq-la_model__conditioned_La__seed-1_sample-3|q60ar6-pqq-la_model__conditioned_La__seed-1_sample-4,q60ar6-pqq-la_model__conditioned_La__seed-1_sample-2,composite,-405489.2890754312,Ca-supported,correct,
q60ar6-pqq-la_model,core,Ca,q60ar6-pqq-la_model__conditioned_La__seed-1_sample-0|q60ar6-pqq-la_model__conditioned_La__seed-1_sample-3|q60ar6-pqq-la_model__conditioned_La__seed-1_sample-4,q60ar6-pqq-la_model__conditioned_La__seed-1_sample-2,native,-405403.2661228116,Ca-supported,correct,
q60ar6-pqq-la_model,core,Ca,q60ar6-pqq-la_model__conditioned_La__seed-1_sample-2|q60ar6-pqq-la_model__conditioned_La__seed-1_sample-3|q60ar6-pqq-la_model__conditioned_La__seed-1_sample-4,q60ar6-pqq-la_model__conditioned_La__seed-1_sample-0,composite,-405487.98298000015,Ca-supported,correct,
q60ar6-pqq-la_model,core,Ca,q60ar6-pqq-la_model__conditioned_La__seed-1_sample-2|q60ar6-pqq-la_model__conditioned_La__seed-1_sample-3|q60ar6-pqq-la_model__conditioned_La__seed-1_sample-4,q60ar6-pqq-la_model__conditioned_La__seed-1_sample-0,native,-405401.5242819612,Ca-supported,correct,
q88jh5-pqq-la_model,core,Ca,q88jh5-pqq-la_model__conditioned_La__seed-1_sample-0|q88jh5-pqq-la_model__conditioned_La__seed-1_sample-1|q88jh5-pqq-la_model__conditioned_La__seed-1_sample-3,q88jh5-pqq-la_model__conditioned_La__seed-1_sample-4,composite,,unavailable,unavailable,q88jh5-pqq-la_model__conditioned_La__seed-1_sample-1
q88jh5-pqq-la_model,core,Ca,q88jh5-pqq-la_model__conditioned_La__seed-1_sample-0|q88jh5-pqq-la_model__conditioned_La__seed-1_sample-1|q88jh5-pqq-la_model__conditioned_La__seed-1_sample-3,q88jh5-pqq-la_model__conditioned_La__seed-1_sample-4,native,,unavailable,unavailable,q88jh5-pqq-la_model__conditioned_La__seed-1_sample-1
q88jh5-pqq-la_model,core,Ca,q88jh5-pqq-la_model__conditioned_La__seed-1_sample-0|q88jh5-pqq-la_model__conditioned_La__seed-1_sample-1|q88jh5-pqq-la_model__conditioned_La__seed-1_sample-4,q88jh5-pqq-la_model__conditioned_La__seed-1_sample-3,composite,,unavailable,unavailable,q88jh5-pqq-la_model__conditioned_La__seed-1_sample-1
q88jh5-pqq-la_model,core,Ca,q88jh5-pqq-la_model__conditioned_La__seed-1_sample-0|q88jh5-pqq-la_model__conditioned_La__seed-1_sample-1|q88jh5-pqq-la_model__conditioned_La__seed-1_sample-4,q88jh5-pqq-la_model__conditioned_La__seed-1_sample-3,native,,unavailable,unavailable,q88jh5-pqq-la_model__conditioned_La__seed-1_sample-1
q88jh5-pqq-la_model,core,Ca,q88jh5-pqq-la_model__conditioned_La__seed-1_sample-0|q88jh5-pqq-la_model__conditioned_La__seed-1_sample-3|q88jh5-pqq-la_model__conditioned_La__seed-1_sample-4,q88jh5-pqq-la_model__conditioned_La__seed-1_sample-1,composite,-405485.1260778202,Ca-supported,correct,
q88jh5-pqq-la_model,core,Ca,q88jh5-pqq-la_model__conditioned_La__seed-1_sample-0|q88jh5-pqq-la_model__conditioned_La__seed-1_sample-3|q88jh5-pqq-la_model__conditioned_La__seed-1_sample-4,q88jh5-pqq-la_model__conditioned_La__seed-1_sample-1,native,-405397.37649571075,Ca-supported,correct,
q88jh5-pqq-la_model,core,Ca,q88jh5-pqq-la_model__conditioned_La__seed-1_sample-1|q88jh5-pqq-la_model__conditioned_La__seed-1_sample-3|q88jh5-pqq-la_model__conditioned_La__seed-1_sample-4,q88jh5-pqq-la_model__conditioned_La__seed-1_sample-0,composite,,unavailable,unavailable,q88jh5-pqq-la_model__conditioned_La__seed-1_sample-1
q88jh5-pqq-la_model,core,Ca,q88jh5-pqq-la_model__conditioned_La__seed-1_sample-1|q88jh5-pqq-la_model__conditioned_La__seed-1_sample-3|q88jh5-pqq-la_model__conditioned_La__seed-1_sample-4,q88jh5-pqq-la_model__conditioned_La__seed-1_sample-0,native,,unavailable,unavailable,q88jh5-pqq-la_model__conditioned_La__seed-1_sample-1
q8gr64-pqq-la_model,core,Ca,q8gr64-pqq-la_model__conditioned_La__seed-1_sample-0|q8gr64-pqq-la_model__conditioned_La__seed-1_sample-1|q8gr64-pqq-la_model__conditioned_La__seed-1_sample-3,q8gr64-pqq-la_model__conditioned_La__seed-1_sample-4,composite,-405499.1842611194,Ca-supported,correct,
q8gr64-pqq-la_model,core,Ca,q8gr64-pqq-la_model__conditioned_La__seed-1_sample-0|q8gr64-pqq-la_model__conditioned_La__seed-1_sample-1|q8gr64-pqq-la_model__conditioned_La__seed-1_sample-3,q8gr64-pqq-la_model__conditioned_La__seed-1_sample-4,native,-405412.88747823826,Ca-supported,correct,
q8gr64-pqq-la_model,core,Ca,q8gr64-pqq-la_model__conditioned_La__seed-1_sample-0|q8gr64-pqq-la_model__conditioned_La__seed-1_sample-1|q8gr64-pqq-la_model__conditioned_La__seed-1_sample-4,q8gr64-pqq-la_model__conditioned_La__seed-1_sample-3,composite,-405496.9937276928,Ca-supported,correct,
q8gr64-pqq-la_model,core,Ca,q8gr64-pqq-la_model__conditioned_La__seed-1_sample-0|q8gr64-pqq-la_model__conditioned_La__seed-1_sample-1|q8gr64-pqq-la_model__conditioned_La__seed-1_sample-4,q8gr64-pqq-la_model__conditioned_La__seed-1_sample-3,native,-405408.6538413147,Ca-supported,correct,
q8gr64-pqq-la_model,core,Ca,q8gr64-pqq-la_model__conditioned_La__seed-1_sample-0|q8gr64-pqq-la_model__conditioned_La__seed-1_sample-3|q8gr64-pqq-la_model__conditioned_La__seed-1_sample-4,q8gr64-pqq-la_model__conditioned_La__seed-1_sample-1,composite,-405496.9937276928,Ca-supported,correct,
q8gr64-pqq-la_model,core,Ca,q8gr64-pqq-la_model__conditioned_La__seed-1_sample-0|q8gr64-pqq-la_model__conditioned_La__seed-1_sample-3|q8gr64-pqq-la_model__conditioned_La__seed-1_sample-4,q8gr64-pqq-la_model__conditioned_La__seed-1_sample-1,native,-405408.6538413147,Ca-supported,correct,
q8gr64-pqq-la_model,core,Ca,q8gr64-pqq-la_model__conditioned_La__seed-1_sample-1|q8gr64-pqq-la_model__conditioned_La__seed-1_sample-3|q8gr64-pqq-la_model__conditioned_La__seed-1_sample-4,q8gr64-pqq-la_model__conditioned_La__seed-1_sample-0,composite,-405499.1842611194,Ca-supported,correct,
q8gr64-pqq-la_model,core,Ca,q8gr64-pqq-la_model__conditioned_La__seed-1_sample-1|q8gr64-pqq-la_model__conditioned_La__seed-1_sample-3|q8gr64-pqq-la_model__conditioned_La__seed-1_sample-4,q8gr64-pqq-la_model__conditioned_La__seed-1_sample-0,native,-405412.88747823826,Ca-supported,correct,
q9l935-pqq-la_model,core,Ca,q9l935-pqq-la_model__conditioned_La__seed-1_sample-0|q9l935-pqq-la_model__conditioned_La__seed-1_sample-2|q9l935-pqq-la_model__conditioned_La__seed-1_sample-3,q9l935-pqq-la_model__conditioned_La__seed-1_sample-4,composite,-405490.67516915046,Ca-supported,correct,
q9l935-pqq-la_model,core,Ca,q9l935-pqq-la_model__conditioned_La__seed-1_sample-0|q9l935-pqq-la_model__conditioned_La__seed-1_sample-2|q9l935-pqq-la_model__conditioned_La__seed-1_sample-3,q9l935-pqq-la_model__conditioned_La__seed-1_sample-4,native,-405401.3820456931,Ca-supported,correct,
q9l935-pqq-la_model,core,Ca,q9l935-pqq-la_model__conditioned_La__seed-1_sample-0|q9l935-pqq-la_model__conditioned_La__seed-1_sample-2|q9l935-pqq-la_model__conditioned_La__seed-1_sample-4,q9l935-pqq-la_model__conditioned_La__seed-1_sample-3,composite,-405489.6710961806,Ca-supported,correct,
q9l935-pqq-la_model,core,Ca,q9l935-pqq-la_model__conditioned_La__seed-1_sample-0|q9l935-pqq-la_model__conditioned_La__seed-1_sample-2|q9l935-pqq-la_model__conditioned_La__seed-1_sample-4,q9l935-pqq-la_model__conditioned_La__seed-1_sample-3,native,-405402.4034342882,Ca-supported,correct,
q9l935-pqq-la_model,core,Ca,q9l935-pqq-la_model__conditioned_La__seed-1_sample-0|q9l935-pqq-la_model__conditioned_La__seed-1_sample-3|q9l935-pqq-la_model__conditioned_La__seed-1_sample-4,q9l935-pqq-la_model__conditioned_La__seed-1_sample-2,composite,-405489.6710961806,Ca-supported,correct,
q9l935-pqq-la_model,core,Ca,q9l935-pqq-la_model__conditioned_La__seed-1_sample-0|q9l935-pqq-la_model__conditioned_La__seed-1_sample-3|q9l935-pqq-la_model__conditioned_La__seed-1_sample-4,q9l935-pqq-la_model__conditioned_La__seed-1_sample-2,native,-405401.3820456931,Ca-supported,correct,
q9l935-pqq-la_model,core,Ca,q9l935-pqq-la_model__conditioned_La__seed-1_sample-2|q9l935-pqq-la_model__conditioned_La__seed-1_sample-3|q9l935-pqq-la_model__conditioned_La__seed-1_sample-4,q9l935-pqq-la_model__conditioned_La__seed-1_sample-0,composite,-405490.67516915046,Ca-supported,correct,
q9l935-pqq-la_model,core,Ca,q9l935-pqq-la_model__conditioned_La__seed-1_sample-2|q9l935-pqq-la_model__conditioned_La__seed-1_sample-3|q9l935-pqq-la_model__conditioned_La__seed-1_sample-4,q9l935-pqq-la_model__conditioned_La__seed-1_sample-0,native,-405402.4034342882,Ca-supported,correct,
q9z4j7-pqq-la_model,core,Ca,q9z4j7-pqq-la_model__conditioned_La__seed-1_sample-1|q9z4j7-pqq-la_model__conditioned_La__seed-1_sample-2|q9z4j7-pqq-la_model__conditioned_La__seed-1_sample-3,q9z4j7-pqq-la_model__conditioned_La__seed-1_sample-4,composite,-405483.5670019914,Ca-supported,correct,
q9z4j7-pqq-la_model,core,Ca,q9z4j7-pqq-la_model__conditioned_La__seed-1_sample-1|q9z4j7-pqq-la_model__conditioned_La__seed-1_sample-2|q9z4j7-pqq-la_model__conditioned_La__seed-1_sample-3,q9z4j7-pqq-la_model__conditioned_La__seed-1_sample-4,native,-405399.1609798945,Ca-supported,correct,
q9z4j7-pqq-la_model,core,Ca,q9z4j7-pqq-la_model__conditioned_La__seed-1_sample-1|q9z4j7-pqq-la_model__conditioned_La__seed-1_sample-2|q9z4j7-pqq-la_model__conditioned_La__seed-1_sample-4,q9z4j7-pqq-la_model__conditioned_La__seed-1_sample-3,composite,-405483.5670019914,Ca-supported,correct,
q9z4j7-pqq-la_model,core,Ca,q9z4j7-pqq-la_model__conditioned_La__seed-1_sample-1|q9z4j7-pqq-la_model__conditioned_La__seed-1_sample-2|q9z4j7-pqq-la_model__conditioned_La__seed-1_sample-4,q9z4j7-pqq-la_model__conditioned_La__seed-1_sample-3,native,-405394.60438920616,Ca-supported,correct,
q9z4j7-pqq-la_model,core,Ca,q9z4j7-pqq-la_model__conditioned_La__seed-1_sample-1|q9z4j7-pqq-la_model__conditioned_La__seed-1_sample-3|q9z4j7-pqq-la_model__conditioned_La__seed-1_sample-4,q9z4j7-pqq-la_model__conditioned_La__seed-1_sample-2,composite,-405485.189697657,Ca-supported,correct,
q9z4j7-pqq-la_model,core,Ca,q9z4j7-pqq-la_model__conditioned_La__seed-1_sample-1|q9z4j7-pqq-la_model__conditioned_La__seed-1_sample-3|q9z4j7-pqq-la_model__conditioned_La__seed-1_sample-4,q9z4j7-pqq-la_model__conditioned_La__seed-1_sample-2,native,-405399.1609798945,Ca-supported,correct,
q9z4j7-pqq-la_model,core,Ca,q9z4j7-pqq-la_model__conditioned_La__seed-1_sample-2|q9z4j7-pqq-la_model__conditioned_La__seed-1_sample-3|q9z4j7-pqq-la_model__conditioned_La__seed-1_sample-4,q9z4j7-pqq-la_model__conditioned_La__seed-1_sample-1,composite,-405485.189697657,Ca-supported,correct,
q9z4j7-pqq-la_model,core,Ca,q9z4j7-pqq-la_model__conditioned_La__seed-1_sample-2|q9z4j7-pqq-la_model__conditioned_La__seed-1_sample-3|q9z4j7-pqq-la_model__conditioned_La__seed-1_sample-4,q9z4j7-pqq-la_model__conditioned_La__seed-1_sample-1,native,-405394.60438920616,Ca-supported,correct,
a0a3f2yly8-pqq-la_model,context,La,a0a3f2yly8-pqq-la_model__conditioned_La__seed-1_sample-0|a0a3f2yly8-pqq-la_model__conditioned_La__seed-1_sample-2|a0a3f2yly8-pqq-la_model__conditioned_La__seed-1_sample-3,a0a3f2yly8-pqq-la_model__conditioned_La__seed-1_sample-4,composite,-405456.8948552082,La-supported,correct,
a0a3f2yly8-pqq-la_model,context,La,a0a3f2yly8-pqq-la_model__conditioned_La__seed-1_sample-0|a0a3f2yly8-pqq-la_model__conditioned_La__seed-1_sample-2|a0a3f2yly8-pqq-la_model__conditioned_La__seed-1_sample-3,a0a3f2yly8-pqq-la_model__conditioned_La__seed-1_sample-4,native,-405343.822978895,La-supported,correct,
a0a3f2yly8-pqq-la_model,context,La,a0a3f2yly8-pqq-la_model__conditioned_La__seed-1_sample-0|a0a3f2yly8-pqq-la_model__conditioned_La__seed-1_sample-2|a0a3f2yly8-pqq-la_model__conditioned_La__seed-1_sample-4,a0a3f2yly8-pqq-la_model__conditioned_La__seed-1_sample-3,composite,-405439.9871370081,La-supported,correct,
a0a3f2yly8-pqq-la_model,context,La,a0a3f2yly8-pqq-la_model__conditioned_La__seed-1_sample-0|a0a3f2yly8-pqq-la_model__conditioned_La__seed-1_sample-2|a0a3f2yly8-pqq-la_model__conditioned_La__seed-1_sample-4,a0a3f2yly8-pqq-la_model__conditioned_La__seed-1_sample-3,native,-405339.4129883495,La-supported,correct,
a0a3f2yly8-pqq-la_model,context,La,a0a3f2yly8-pqq-la_model__conditioned_La__seed-1_sample-0|a0a3f2yly8-pqq-la_model__conditioned_La__seed-1_sample-3|a0a3f2yly8-pqq-la_model__conditioned_La__seed-1_sample-4,a0a3f2yly8-pqq-la_model__conditioned_La__seed-1_sample-2,composite,-405456.8948552082,La-supported,correct,
a0a3f2yly8-pqq-la_model,context,La,a0a3f2yly8-pqq-la_model__conditioned_La__seed-1_sample-0|a0a3f2yly8-pqq-la_model__conditioned_La__seed-1_sample-3|a0a3f2yly8-pqq-la_model__conditioned_La__seed-1_sample-4,a0a3f2yly8-pqq-la_model__conditioned_La__seed-1_sample-2,native,-405343.822978895,La-supported,correct,
a0a3f2yly8-pqq-la_model,context,La,a0a3f2yly8-pqq-la_model__conditioned_La__seed-1_sample-2|a0a3f2yly8-pqq-la_model__conditioned_La__seed-1_sample-3|a0a3f2yly8-pqq-la_model__conditioned_La__seed-1_sample-4,a0a3f2yly8-pqq-la_model__conditioned_La__seed-1_sample-0,composite,-405439.9871370081,La-supported,correct,
a0a3f2yly8-pqq-la_model,context,La,a0a3f2yly8-pqq-la_model__conditioned_La__seed-1_sample-2|a0a3f2yly8-pqq-la_model__conditioned_La__seed-1_sample-3|a0a3f2yly8-pqq-la_model__conditioned_La__seed-1_sample-4,a0a3f2yly8-pqq-la_model__conditioned_La__seed-1_sample-0,native,-405339.4129883495,La-supported,correct,
a0acd6b9f2-pqq-la_model,context,La,a0acd6b9f2-pqq-la_model__conditioned_La__seed-1_sample-0|a0acd6b9f2-pqq-la_model__conditioned_La__seed-1_sample-1|a0acd6b9f2-pqq-la_model__conditioned_La__seed-1_sample-2,a0acd6b9f2-pqq-la_model__conditioned_La__seed-1_sample-4,composite,-405438.7537810008,La-supported,correct,
a0acd6b9f2-pqq-la_model,context,La,a0acd6b9f2-pqq-la_model__conditioned_La__seed-1_sample-0|a0acd6b9f2-pqq-la_model__conditioned_La__seed-1_sample-1|a0acd6b9f2-pqq-la_model__conditioned_La__seed-1_sample-2,a0acd6b9f2-pqq-la_model__conditioned_La__seed-1_sample-4,native,-405278.1877554957,La-supported,correct,
a0acd6b9f2-pqq-la_model,context,La,a0acd6b9f2-pqq-la_model__conditioned_La__seed-1_sample-0|a0acd6b9f2-pqq-la_model__conditioned_La__seed-1_sample-1|a0acd6b9f2-pqq-la_model__conditioned_La__seed-1_sample-4,a0acd6b9f2-pqq-la_model__conditioned_La__seed-1_sample-2,composite,-405441.4565402912,La-supported,correct,
a0acd6b9f2-pqq-la_model,context,La,a0acd6b9f2-pqq-la_model__conditioned_La__seed-1_sample-0|a0acd6b9f2-pqq-la_model__conditioned_La__seed-1_sample-1|a0acd6b9f2-pqq-la_model__conditioned_La__seed-1_sample-4,a0acd6b9f2-pqq-la_model__conditioned_La__seed-1_sample-2,native,-405279.3030556032,La-supported,correct,
a0acd6b9f2-pqq-la_model,context,La,a0acd6b9f2-pqq-la_model__conditioned_La__seed-1_sample-0|a0acd6b9f2-pqq-la_model__conditioned_La__seed-1_sample-2|a0acd6b9f2-pqq-la_model__conditioned_La__seed-1_sample-4,a0acd6b9f2-pqq-la_model__conditioned_La__seed-1_sample-1,composite,-405441.4565402912,La-supported,correct,
a0acd6b9f2-pqq-la_model,context,La,a0acd6b9f2-pqq-la_model__conditioned_La__seed-1_sample-0|a0acd6b9f2-pqq-la_model__conditioned_La__seed-1_sample-2|a0acd6b9f2-pqq-la_model__conditioned_La__seed-1_sample-4,a0acd6b9f2-pqq-la_model__conditioned_La__seed-1_sample-1,native,-405278.1877554957,La-supported,correct,
a0acd6b9f2-pqq-la_model,context,La,a0acd6b9f2-pqq-la_model__conditioned_La__seed-1_sample-1|a0acd6b9f2-pqq-la_model__conditioned_La__seed-1_sample-2|a0acd6b9f2-pqq-la_model__conditioned_La__seed-1_sample-4,a0acd6b9f2-pqq-la_model__conditioned_La__seed-1_sample-0,composite,-405438.7537810008,La-supported,correct,
a0acd6b9f2-pqq-la_model,context,La,a0acd6b9f2-pqq-la_model__conditioned_La__seed-1_sample-1|a0acd6b9f2-pqq-la_model__conditioned_La__seed-1_sample-2|a0acd6b9f2-pqq-la_model__conditioned_La__seed-1_sample-4,a0acd6b9f2-pqq-la_model__conditioned_La__seed-1_sample-0,native,-405279.3030556032,La-supported,correct,
c5atj3-pqq-la_model,context,La,c5atj3-pqq-la_model__conditioned_La__seed-1_sample-0|c5atj3-pqq-la_model__conditioned_La__seed-1_sample-1|c5atj3-pqq-la_model__conditioned_La__seed-1_sample-3,c5atj3-pqq-la_model__conditioned_La__seed-1_sample-4,composite,-405438.5586343447,La-supported,correct,
c5atj3-pqq-la_model,context,La,c5atj3-pqq-la_model__conditioned_La__seed-1_sample-0|c5atj3-pqq-la_model__conditioned_La__seed-1_sample-1|c5atj3-pqq-la_model__conditioned_La__seed-1_sample-3,c5atj3-pqq-la_model__conditioned_La__seed-1_sample-4,native,-405327.7677607562,La-supported,correct,
c5atj3-pqq-la_model,context,La,c5atj3-pqq-la_model__conditioned_La__seed-1_sample-0|c5atj3-pqq-la_model__conditioned_La__seed-1_sample-1|c5atj3-pqq-la_model__conditioned_La__seed-1_sample-4,c5atj3-pqq-la_model__conditioned_La__seed-1_sample-3,composite,-405438.5586343447,La-supported,correct,
c5atj3-pqq-la_model,context,La,c5atj3-pqq-la_model__conditioned_La__seed-1_sample-0|c5atj3-pqq-la_model__conditioned_La__seed-1_sample-1|c5atj3-pqq-la_model__conditioned_La__seed-1_sample-4,c5atj3-pqq-la_model__conditioned_La__seed-1_sample-3,native,-405326.9852618681,La-supported,correct,
c5atj3-pqq-la_model,context,La,c5atj3-pqq-la_model__conditioned_La__seed-1_sample-0|c5atj3-pqq-la_model__conditioned_La__seed-1_sample-3|c5atj3-pqq-la_model__conditioned_La__seed-1_sample-4,c5atj3-pqq-la_model__conditioned_La__seed-1_sample-1,composite,-405440.06205581996,La-supported,correct,
c5atj3-pqq-la_model,context,La,c5atj3-pqq-la_model__conditioned_La__seed-1_sample-0|c5atj3-pqq-la_model__conditioned_La__seed-1_sample-3|c5atj3-pqq-la_model__conditioned_La__seed-1_sample-4,c5atj3-pqq-la_model__conditioned_La__seed-1_sample-1,native,-405326.9852618681,La-supported,correct,
c5atj3-pqq-la_model,context,La,c5atj3-pqq-la_model__conditioned_La__seed-1_sample-1|c5atj3-pqq-la_model__conditioned_La__seed-1_sample-3|c5atj3-pqq-la_model__conditioned_La__seed-1_sample-4,c5atj3-pqq-la_model__conditioned_La__seed-1_sample-0,composite,-405440.06205581996,La-supported,correct,
c5atj3-pqq-la_model,context,La,c5atj3-pqq-la_model__conditioned_La__seed-1_sample-1|c5atj3-pqq-la_model__conditioned_La__seed-1_sample-3|c5atj3-pqq-la_model__conditioned_La__seed-1_sample-4,c5atj3-pqq-la_model__conditioned_La__seed-1_sample-0,native,-405327.7677607562,La-supported,correct,
c5axv8-pqq-la_model,context,La,c5axv8-pqq-la_model__conditioned_La__seed-1_sample-0|c5axv8-pqq-la_model__conditioned_La__seed-1_sample-2|c5axv8-pqq-la_model__conditioned_La__seed-1_sample-3,c5axv8-pqq-la_model__conditioned_La__seed-1_sample-4,composite,-405457.50423368585,La-supported,correct,
c5axv8-pqq-la_model,context,La,c5axv8-pqq-la_model__conditioned_La__seed-1_sample-0|c5axv8-pqq-la_model__conditioned_La__seed-1_sample-2|c5axv8-pqq-la_model__conditioned_La__seed-1_sample-3,c5axv8-pqq-la_model__conditioned_La__seed-1_sample-4,native,-405337.820628984,La-supported,correct,
c5axv8-pqq-la_model,context,La,c5axv8-pqq-la_model__conditioned_La__seed-1_sample-0|c5axv8-pqq-la_model__conditioned_La__seed-1_sample-2|c5axv8-pqq-la_model__conditioned_La__seed-1_sample-4,c5axv8-pqq-la_model__conditioned_La__seed-1_sample-3,composite,-405453.6711550984,La-supported,correct,
c5axv8-pqq-la_model,context,La,c5axv8-pqq-la_model__conditioned_La__seed-1_sample-0|c5axv8-pqq-la_model__conditioned_La__seed-1_sample-2|c5axv8-pqq-la_model__conditioned_La__seed-1_sample-4,c5axv8-pqq-la_model__conditioned_La__seed-1_sample-3,native,-405338.6657410641,La-supported,correct,
c5axv8-pqq-la_model,context,La,c5axv8-pqq-la_model__conditioned_La__seed-1_sample-0|c5axv8-pqq-la_model__conditioned_La__seed-1_sample-3|c5axv8-pqq-la_model__conditioned_La__seed-1_sample-4,c5axv8-pqq-la_model__conditioned_La__seed-1_sample-2,composite,-405453.6711550984,La-supported,correct,
c5axv8-pqq-la_model,context,La,c5axv8-pqq-la_model__conditioned_La__seed-1_sample-0|c5axv8-pqq-la_model__conditioned_La__seed-1_sample-3|c5axv8-pqq-la_model__conditioned_La__seed-1_sample-4,c5axv8-pqq-la_model__conditioned_La__seed-1_sample-2,native,-405337.820628984,La-supported,correct,
c5axv8-pqq-la_model,context,La,c5axv8-pqq-la_model__conditioned_La__seed-1_sample-2|c5axv8-pqq-la_model__conditioned_La__seed-1_sample-3|c5axv8-pqq-la_model__conditioned_La__seed-1_sample-4,c5axv8-pqq-la_model__conditioned_La__seed-1_sample-0,composite,-405457.50423368585,La-supported,correct,
c5axv8-pqq-la_model,context,La,c5axv8-pqq-la_model__conditioned_La__seed-1_sample-2|c5axv8-pqq-la_model__conditioned_La__seed-1_sample-3|c5axv8-pqq-la_model__conditioned_La__seed-1_sample-4,c5axv8-pqq-la_model__conditioned_La__seed-1_sample-0,native,-405338.6657410641,La-supported,correct,
c5b120-pqq-la_model,context,La,c5b120-pqq-la_model__conditioned_La__seed-1_sample-1|c5b120-pqq-la_model__conditioned_La__seed-1_sample-2|c5b120-pqq-la_model__conditioned_La__seed-1_sample-3,c5b120-pqq-la_model__conditioned_La__seed-1_sample-4,composite,-405445.3993688091,La-supported,correct,
c5b120-pqq-la_model,context,La,c5b120-pqq-la_model__conditioned_La__seed-1_sample-1|c5b120-pqq-la_model__conditioned_La__seed-1_sample-2|c5b120-pqq-la_model__conditioned_La__seed-1_sample-3,c5b120-pqq-la_model__conditioned_La__seed-1_sample-4,native,-405329.75413180917,La-supported,correct,
c5b120-pqq-la_model,context,La,c5b120-pqq-la_model__conditioned_La__seed-1_sample-1|c5b120-pqq-la_model__conditioned_La__seed-1_sample-2|c5b120-pqq-la_model__conditioned_La__seed-1_sample-4,c5b120-pqq-la_model__conditioned_La__seed-1_sample-3,composite,-405441.18170415063,La-supported,correct,
c5b120-pqq-la_model,context,La,c5b120-pqq-la_model__conditioned_La__seed-1_sample-1|c5b120-pqq-la_model__conditioned_La__seed-1_sample-2|c5b120-pqq-la_model__conditioned_La__seed-1_sample-4,c5b120-pqq-la_model__conditioned_La__seed-1_sample-3,native,-405328.9381624233,La-supported,correct,
c5b120-pqq-la_model,context,La,c5b120-pqq-la_model__conditioned_La__seed-1_sample-1|c5b120-pqq-la_model__conditioned_La__seed-1_sample-3|c5b120-pqq-la_model__conditioned_La__seed-1_sample-4,c5b120-pqq-la_model__conditioned_La__seed-1_sample-2,composite,-405445.3993688091,La-supported,correct,
c5b120-pqq-la_model,context,La,c5b120-pqq-la_model__conditioned_La__seed-1_sample-1|c5b120-pqq-la_model__conditioned_La__seed-1_sample-3|c5b120-pqq-la_model__conditioned_La__seed-1_sample-4,c5b120-pqq-la_model__conditioned_La__seed-1_sample-2,native,-405328.9381624233,La-supported,correct,
c5b120-pqq-la_model,context,La,c5b120-pqq-la_model__conditioned_La__seed-1_sample-2|c5b120-pqq-la_model__conditioned_La__seed-1_sample-3|c5b120-pqq-la_model__conditioned_La__seed-1_sample-4,c5b120-pqq-la_model__conditioned_La__seed-1_sample-1,composite,-405441.18170415063,La-supported,correct,
c5b120-pqq-la_model,context,La,c5b120-pqq-la_model__conditioned_La__seed-1_sample-2|c5b120-pqq-la_model__conditioned_La__seed-1_sample-3|c5b120-pqq-la_model__conditioned_La__seed-1_sample-4,c5b120-pqq-la_model__conditioned_La__seed-1_sample-1,native,-405329.75413180917,La-supported,correct,
i0jwn7-pqq-la_model,context,La,i0jwn7-pqq-la_model__conditioned_La__seed-1_sample-0|i0jwn7-pqq-la_model__conditioned_La__seed-1_sample-1|i0jwn7-pqq-la_model__conditioned_La__seed-1_sample-2,i0jwn7-pqq-la_model__conditioned_La__seed-1_sample-4,composite,-405441.59978374036,La-supported,correct,
i0jwn7-pqq-la_model,context,La,i0jwn7-pqq-la_model__conditioned_La__seed-1_sample-0|i0jwn7-pqq-la_model__conditioned_La__seed-1_sample-1|i0jwn7-pqq-la_model__conditioned_La__seed-1_sample-2,i0jwn7-pqq-la_model__conditioned_La__seed-1_sample-4,native,-405333.5305802937,La-supported,correct,
i0jwn7-pqq-la_model,context,La,i0jwn7-pqq-la_model__conditioned_La__seed-1_sample-0|i0jwn7-pqq-la_model__conditioned_La__seed-1_sample-1|i0jwn7-pqq-la_model__conditioned_La__seed-1_sample-4,i0jwn7-pqq-la_model__conditioned_La__seed-1_sample-2,composite,-405441.59978374036,La-supported,correct,
i0jwn7-pqq-la_model,context,La,i0jwn7-pqq-la_model__conditioned_La__seed-1_sample-0|i0jwn7-pqq-la_model__conditioned_La__seed-1_sample-1|i0jwn7-pqq-la_model__conditioned_La__seed-1_sample-4,i0jwn7-pqq-la_model__conditioned_La__seed-1_sample-2,native,-405334.68130646634,La-supported,correct,
i0jwn7-pqq-la_model,context,La,i0jwn7-pqq-la_model__conditioned_La__seed-1_sample-0|i0jwn7-pqq-la_model__conditioned_La__seed-1_sample-2|i0jwn7-pqq-la_model__conditioned_La__seed-1_sample-4,i0jwn7-pqq-la_model__conditioned_La__seed-1_sample-1,composite,-405439.51172363845,La-supported,correct,
i0jwn7-pqq-la_model,context,La,i0jwn7-pqq-la_model__conditioned_La__seed-1_sample-0|i0jwn7-pqq-la_model__conditioned_La__seed-1_sample-2|i0jwn7-pqq-la_model__conditioned_La__seed-1_sample-4,i0jwn7-pqq-la_model__conditioned_La__seed-1_sample-1,native,-405334.68130646634,La-supported,correct,
i0jwn7-pqq-la_model,context,La,i0jwn7-pqq-la_model__conditioned_La__seed-1_sample-1|i0jwn7-pqq-la_model__conditioned_La__seed-1_sample-2|i0jwn7-pqq-la_model__conditioned_La__seed-1_sample-4,i0jwn7-pqq-la_model__conditioned_La__seed-1_sample-0,composite,-405439.51172363845,La-supported,correct,
i0jwn7-pqq-la_model,context,La,i0jwn7-pqq-la_model__conditioned_La__seed-1_sample-1|i0jwn7-pqq-la_model__conditioned_La__seed-1_sample-2|i0jwn7-pqq-la_model__conditioned_La__seed-1_sample-4,i0jwn7-pqq-la_model__conditioned_La__seed-1_sample-0,native,-405333.5305802937,La-supported,correct,
mmol_1770-pqq-la_model,context,La,mmol_1770-pqq-la_model__conditioned_La__seed-1_sample-0|mmol_1770-pqq-la_model__conditioned_La__seed-1_sample-1|mmol_1770-pqq-la_model__conditioned_La__seed-1_sample-2,mmol_1770-pqq-la_model__conditioned_La__seed-1_sample-4,composite,-405439.8522292391,La-supported,correct,
mmol_1770-pqq-la_model,context,La,mmol_1770-pqq-la_model__conditioned_La__seed-1_sample-0|mmol_1770-pqq-la_model__conditioned_La__seed-1_sample-1|mmol_1770-pqq-la_model__conditioned_La__seed-1_sample-2,mmol_1770-pqq-la_model__conditioned_La__seed-1_sample-4,native,-405332.98048957967,La-supported,correct,
mmol_1770-pqq-la_model,context,La,mmol_1770-pqq-la_model__conditioned_La__seed-1_sample-0|mmol_1770-pqq-la_model__conditioned_La__seed-1_sample-1|mmol_1770-pqq-la_model__conditioned_La__seed-1_sample-4,mmol_1770-pqq-la_model__conditioned_La__seed-1_sample-2,composite,,unavailable,unavailable,mmol_1770-pqq-la_model__conditioned_La__seed-1_sample-4
mmol_1770-pqq-la_model,context,La,mmol_1770-pqq-la_model__conditioned_La__seed-1_sample-0|mmol_1770-pqq-la_model__conditioned_La__seed-1_sample-1|mmol_1770-pqq-la_model__conditioned_La__seed-1_sample-4,mmol_1770-pqq-la_model__conditioned_La__seed-1_sample-2,native,,unavailable,unavailable,mmol_1770-pqq-la_model__conditioned_La__seed-1_sample-4
mmol_1770-pqq-la_model,context,La,mmol_1770-pqq-la_model__conditioned_La__seed-1_sample-0|mmol_1770-pqq-la_model__conditioned_La__seed-1_sample-2|mmol_1770-pqq-la_model__conditioned_La__seed-1_sample-4,mmol_1770-pqq-la_model__conditioned_La__seed-1_sample-1,composite,,unavailable,unavailable,mmol_1770-pqq-la_model__conditioned_La__seed-1_sample-4
mmol_1770-pqq-la_model,context,La,mmol_1770-pqq-la_model__conditioned_La__seed-1_sample-0|mmol_1770-pqq-la_model__conditioned_La__seed-1_sample-2|mmol_1770-pqq-la_model__conditioned_La__seed-1_sample-4,mmol_1770-pqq-la_model__conditioned_La__seed-1_sample-1,native,,unavailable,unavailable,mmol_1770-pqq-la_model__conditioned_La__seed-1_sample-4
mmol_1770-pqq-la_model,context,La,mmol_1770-pqq-la_model__conditioned_La__seed-1_sample-1|mmol_1770-pqq-la_model__conditioned_La__seed-1_sample-2|mmol_1770-pqq-la_model__conditioned_La__seed-1_sample-4,mmol_1770-pqq-la_model__conditioned_La__seed-1_sample-0,composite,,unavailable,unavailable,mmol_1770-pqq-la_model__conditioned_La__seed-1_sample-4
mmol_1770-pqq-la_model,context,La,mmol_1770-pqq-la_model__conditioned_La__seed-1_sample-1|mmol_1770-pqq-la_model__conditioned_La__seed-1_sample-2|mmol_1770-pqq-la_model__conditioned_La__seed-1_sample-4,mmol_1770-pqq-la_model__conditioned_La__seed-1_sample-0,native,,unavailable,unavailable,mmol_1770-pqq-la_model__conditioned_La__seed-1_sample-4
mmol_2048-pqq-la_model,context,La,mmol_2048-pqq-la_model__conditioned_La__seed-1_sample-0|mmol_2048-pqq-la_model__conditioned_La__seed-1_sample-1|mmol_2048-pqq-la_model__conditioned_La__seed-1_sample-2,mmol_2048-pqq-la_model__conditioned_La__seed-1_sample-3,composite,-405449.13780646055,La-supported,correct,
mmol_2048-pqq-la_model,context,La,mmol_2048-pqq-la_model__conditioned_La__seed-1_sample-0|mmol_2048-pqq-la_model__conditioned_La__seed-1_sample-1|mmol_2048-pqq-la_model__conditioned_La__seed-1_sample-2,mmol_2048-pqq-la_model__conditioned_La__seed-1_sample-3,native,-405329.4015142944,La-supported,correct,
mmol_2048-pqq-la_model,context,La,mmol_2048-pqq-la_model__conditioned_La__seed-1_sample-0|mmol_2048-pqq-la_model__conditioned_La__seed-1_sample-1|mmol_2048-pqq-la_model__conditioned_La__seed-1_sample-3,mmol_2048-pqq-la_model__conditioned_La__seed-1_sample-2,composite,-405449.13780646055,La-supported,correct,
mmol_2048-pqq-la_model,context,La,mmol_2048-pqq-la_model__conditioned_La__seed-1_sample-0|mmol_2048-pqq-la_model__conditioned_La__seed-1_sample-1|mmol_2048-pqq-la_model__conditioned_La__seed-1_sample-3,mmol_2048-pqq-la_model__conditioned_La__seed-1_sample-2,native,-405329.4015142944,La-supported,correct,
mmol_2048-pqq-la_model,context,La,mmol_2048-pqq-la_model__conditioned_La__seed-1_sample-0|mmol_2048-pqq-la_model__conditioned_La__seed-1_sample-2|mmol_2048-pqq-la_model__conditioned_La__seed-1_sample-3,mmol_2048-pqq-la_model__conditioned_La__seed-1_sample-1,composite,-405438.33706382365,La-supported,correct,
mmol_2048-pqq-la_model,context,La,mmol_2048-pqq-la_model__conditioned_La__seed-1_sample-0|mmol_2048-pqq-la_model__conditioned_La__seed-1_sample-2|mmol_2048-pqq-la_model__conditioned_La__seed-1_sample-3,mmol_2048-pqq-la_model__conditioned_La__seed-1_sample-1,native,-405329.06903233647,La-supported,correct,
mmol_2048-pqq-la_model,context,La,mmol_2048-pqq-la_model__conditioned_La__seed-1_sample-1|mmol_2048-pqq-la_model__conditioned_La__seed-1_sample-2|mmol_2048-pqq-la_model__conditioned_La__seed-1_sample-3,mmol_2048-pqq-la_model__conditioned_La__seed-1_sample-0,composite,-405438.33706382365,La-supported,correct,
mmol_2048-pqq-la_model,context,La,mmol_2048-pqq-la_model__conditioned_La__seed-1_sample-1|mmol_2048-pqq-la_model__conditioned_La__seed-1_sample-2|mmol_2048-pqq-la_model__conditioned_La__seed-1_sample-3,mmol_2048-pqq-la_model__conditioned_La__seed-1_sample-0,native,-405329.06903233647,La-supported,correct,
q88jh0-pqq-la_model,context,La,q88jh0-pqq-la_model__conditioned_La__seed-1_sample-1|q88jh0-pqq-la_model__conditioned_La__seed-1_sample-2|q88jh0-pqq-la_model__conditioned_La__seed-1_sample-3,q88jh0-pqq-la_model__conditioned_La__seed-1_sample-4,composite,-405446.97645061905,La-supported,correct,
q88jh0-pqq-la_model,context,La,q88jh0-pqq-la_model__conditioned_La__seed-1_sample-1|q88jh0-pqq-la_model__conditioned_La__seed-1_sample-2|q88jh0-pqq-la_model__conditioned_La__seed-1_sample-3,q88jh0-pqq-la_model__conditioned_La__seed-1_sample-4,native,-405333.1388642666,La-supported,correct,
q88jh0-pqq-la_model,context,La,q88jh0-pqq-la_model__conditioned_La__seed-1_sample-1|q88jh0-pqq-la_model__conditioned_La__seed-1_sample-2|q88jh0-pqq-la_model__conditioned_La__seed-1_sample-4,q88jh0-pqq-la_model__conditioned_La__seed-1_sample-3,composite,-405446.97645061905,La-supported,correct,
q88jh0-pqq-la_model,context,La,q88jh0-pqq-la_model__conditioned_La__seed-1_sample-1|q88jh0-pqq-la_model__conditioned_La__seed-1_sample-2|q88jh0-pqq-la_model__conditioned_La__seed-1_sample-4,q88jh0-pqq-la_model__conditioned_La__seed-1_sample-3,native,-405333.1388642666,La-supported,correct,
q88jh0-pqq-la_model,context,La,q88jh0-pqq-la_model__conditioned_La__seed-1_sample-1|q88jh0-pqq-la_model__conditioned_La__seed-1_sample-3|q88jh0-pqq-la_model__conditioned_La__seed-1_sample-4,q88jh0-pqq-la_model__conditioned_La__seed-1_sample-2,composite,-405439.654341807,La-supported,correct,
q88jh0-pqq-la_model,context,La,q88jh0-pqq-la_model__conditioned_La__seed-1_sample-1|q88jh0-pqq-la_model__conditioned_La__seed-1_sample-3|q88jh0-pqq-la_model__conditioned_La__seed-1_sample-4,q88jh0-pqq-la_model__conditioned_La__seed-1_sample-2,native,-405336.92585624644,La-supported,correct,
q88jh0-pqq-la_model,context,La,q88jh0-pqq-la_model__conditioned_La__seed-1_sample-2|q88jh0-pqq-la_model__conditioned_La__seed-1_sample-3|q88jh0-pqq-la_model__conditioned_La__seed-1_sample-4,q88jh0-pqq-la_model__conditioned_La__seed-1_sample-1,composite,-405439.654341807,La-supported,correct,
q88jh0-pqq-la_model,context,La,q88jh0-pqq-la_model__conditioned_La__seed-1_sample-2|q88jh0-pqq-la_model__conditioned_La__seed-1_sample-3|q88jh0-pqq-la_model__conditioned_La__seed-1_sample-4,q88jh0-pqq-la_model__conditioned_La__seed-1_sample-1,native,-405336.92585624644,La-supported,correct,
q89gy2-pqq-la_model,context,La,q89gy2-pqq-la_model__conditioned_La__seed-1_sample-0|q89gy2-pqq-la_model__conditioned_La__seed-1_sample-1|q89gy2-pqq-la_model__conditioned_La__seed-1_sample-2,q89gy2-pqq-la_model__conditioned_La__seed-1_sample-4,composite,-405439.09694351634,La-supported,correct,
q89gy2-pqq-la_model,context,La,q89gy2-pqq-la_model__conditioned_La__seed-1_sample-0|q89gy2-pqq-la_model__conditioned_La__seed-1_sample-1|q89gy2-pqq-la_model__conditioned_La__seed-1_sample-2,q89gy2-pqq-la_model__conditioned_La__seed-1_sample-4,native,-405331.04824815836,La-supported,correct,
q89gy2-pqq-la_model,context,La,q89gy2-pqq-la_model__conditioned_La__seed-1_sample-0|q89gy2-pqq-la_model__conditioned_La__seed-1_sample-1|q89gy2-pqq-la_model__conditioned_La__seed-1_sample-4,q89gy2-pqq-la_model__conditioned_La__seed-1_sample-2,composite,-405436.28800721664,La-supported,correct,
q89gy2-pqq-la_model,context,La,q89gy2-pqq-la_model__conditioned_La__seed-1_sample-0|q89gy2-pqq-la_model__conditioned_La__seed-1_sample-1|q89gy2-pqq-la_model__conditioned_La__seed-1_sample-4,q89gy2-pqq-la_model__conditioned_La__seed-1_sample-2,native,-405331.04824815836,La-supported,correct,
q89gy2-pqq-la_model,context,La,q89gy2-pqq-la_model__conditioned_La__seed-1_sample-0|q89gy2-pqq-la_model__conditioned_La__seed-1_sample-2|q89gy2-pqq-la_model__conditioned_La__seed-1_sample-4,q89gy2-pqq-la_model__conditioned_La__seed-1_sample-1,composite,-405436.28800721664,La-supported,correct,
q89gy2-pqq-la_model,context,La,q89gy2-pqq-la_model__conditioned_La__seed-1_sample-0|q89gy2-pqq-la_model__conditioned_La__seed-1_sample-2|q89gy2-pqq-la_model__conditioned_La__seed-1_sample-4,q89gy2-pqq-la_model__conditioned_La__seed-1_sample-1,native,-405329.5891618895,La-supported,correct,
q89gy2-pqq-la_model,context,La,q89gy2-pqq-la_model__conditioned_La__seed-1_sample-1|q89gy2-pqq-la_model__conditioned_La__seed-1_sample-2|q89gy2-pqq-la_model__conditioned_La__seed-1_sample-4,q89gy2-pqq-la_model__conditioned_La__seed-1_sample-0,composite,-405439.09694351634,La-supported,correct,
q89gy2-pqq-la_model,context,La,q89gy2-pqq-la_model__conditioned_La__seed-1_sample-1|q89gy2-pqq-la_model__conditioned_La__seed-1_sample-2|q89gy2-pqq-la_model__conditioned_La__seed-1_sample-4,q89gy2-pqq-la_model__conditioned_La__seed-1_sample-0,native,-405329.5891618895,La-supported,correct,
q92wy9-pqq-la_model,context,La,q92wy9-pqq-la_model__conditioned_La__seed-1_sample-0|q92wy9-pqq-la_model__conditioned_La__seed-1_sample-1|q92wy9-pqq-la_model__conditioned_La__seed-1_sample-2,q92wy9-pqq-la_model__conditioned_La__seed-1_sample-3,composite,-405434.0985632278,La-supported,correct,
q92wy9-pqq-la_model,context,La,q92wy9-pqq-la_model__conditioned_La__seed-1_sample-0|q92wy9-pqq-la_model__conditioned_La__seed-1_sample-1|q92wy9-pqq-la_model__conditioned_La__seed-1_sample-2,q92wy9-pqq-la_model__conditioned_La__seed-1_sample-3,native,-405328.1639258092,La-supported,correct,
q92wy9-pqq-la_model,context,La,q92wy9-pqq-la_model__conditioned_La__seed-1_sample-0|q92wy9-pqq-la_model__conditioned_La__seed-1_sample-1|q92wy9-pqq-la_model__conditioned_La__seed-1_sample-3,q92wy9-pqq-la_model__conditioned_La__seed-1_sample-2,composite,-405434.0985632278,La-supported,correct,
q92wy9-pqq-la_model,context,La,q92wy9-pqq-la_model__conditioned_La__seed-1_sample-0|q92wy9-pqq-la_model__conditioned_La__seed-1_sample-1|q92wy9-pqq-la_model__conditioned_La__seed-1_sample-3,q92wy9-pqq-la_model__conditioned_La__seed-1_sample-2,native,-405328.3649335754,La-supported,correct,
q92wy9-pqq-la_model,context,La,q92wy9-pqq-la_model__conditioned_La__seed-1_sample-0|q92wy9-pqq-la_model__conditioned_La__seed-1_sample-2|q92wy9-pqq-la_model__conditioned_La__seed-1_sample-3,q92wy9-pqq-la_model__conditioned_La__seed-1_sample-1,composite,-405434.14736613695,La-supported,correct,
q92wy9-pqq-la_model,context,La,q92wy9-pqq-la_model__conditioned_La__seed-1_sample-0|q92wy9-pqq-la_model__conditioned_La__seed-1_sample-2|q92wy9-pqq-la_model__conditioned_La__seed-1_sample-3,q92wy9-pqq-la_model__conditioned_La__seed-1_sample-1,native,-405328.1639258092,La-supported,correct,
q92wy9-pqq-la_model,context,La,q92wy9-pqq-la_model__conditioned_La__seed-1_sample-1|q92wy9-pqq-la_model__conditioned_La__seed-1_sample-2|q92wy9-pqq-la_model__conditioned_La__seed-1_sample-3,q92wy9-pqq-la_model__conditioned_La__seed-1_sample-0,composite,-405434.14736613695,La-supported,correct,
q92wy9-pqq-la_model,context,La,q92wy9-pqq-la_model__conditioned_La__seed-1_sample-1|q92wy9-pqq-la_model__conditioned_La__seed-1_sample-2|q92wy9-pqq-la_model__conditioned_La__seed-1_sample-3,q92wy9-pqq-la_model__conditioned_La__seed-1_sample-0,native,-405328.3649335754,La-supported,correct,
a8r3s4-pqq-la_model,context,Ca,a8r3s4-pqq-la_model__conditioned_La__seed-1_sample-1|a8r3s4-pqq-la_model__conditioned_La__seed-1_sample-2|a8r3s4-pqq-la_model__conditioned_La__seed-1_sample-3,a8r3s4-pqq-la_model__conditioned_La__seed-1_sample-4,composite,-405468.19660733227,Ca-supported,correct,
a8r3s4-pqq-la_model,context,Ca,a8r3s4-pqq-la_model__conditioned_La__seed-1_sample-1|a8r3s4-pqq-la_model__conditioned_La__seed-1_sample-2|a8r3s4-pqq-la_model__conditioned_La__seed-1_sample-3,a8r3s4-pqq-la_model__conditioned_La__seed-1_sample-4,native,-405351.0436193096,Ca-supported,correct,
a8r3s4-pqq-la_model,context,Ca,a8r3s4-pqq-la_model__conditioned_La__seed-1_sample-1|a8r3s4-pqq-la_model__conditioned_La__seed-1_sample-2|a8r3s4-pqq-la_model__conditioned_La__seed-1_sample-4,a8r3s4-pqq-la_model__conditioned_La__seed-1_sample-3,composite,-405475.83304374584,Ca-supported,correct,
a8r3s4-pqq-la_model,context,Ca,a8r3s4-pqq-la_model__conditioned_La__seed-1_sample-1|a8r3s4-pqq-la_model__conditioned_La__seed-1_sample-2|a8r3s4-pqq-la_model__conditioned_La__seed-1_sample-4,a8r3s4-pqq-la_model__conditioned_La__seed-1_sample-3,native,-405345.818479084,inconclusive,inconclusive,
a8r3s4-pqq-la_model,context,Ca,a8r3s4-pqq-la_model__conditioned_La__seed-1_sample-1|a8r3s4-pqq-la_model__conditioned_La__seed-1_sample-3|a8r3s4-pqq-la_model__conditioned_La__seed-1_sample-4,a8r3s4-pqq-la_model__conditioned_La__seed-1_sample-2,composite,-405468.19660733227,Ca-supported,correct,
a8r3s4-pqq-la_model,context,Ca,a8r3s4-pqq-la_model__conditioned_La__seed-1_sample-1|a8r3s4-pqq-la_model__conditioned_La__seed-1_sample-3|a8r3s4-pqq-la_model__conditioned_La__seed-1_sample-4,a8r3s4-pqq-la_model__conditioned_La__seed-1_sample-2,native,-405351.0436193096,Ca-supported,correct,
a8r3s4-pqq-la_model,context,Ca,a8r3s4-pqq-la_model__conditioned_La__seed-1_sample-2|a8r3s4-pqq-la_model__conditioned_La__seed-1_sample-3|a8r3s4-pqq-la_model__conditioned_La__seed-1_sample-4,a8r3s4-pqq-la_model__conditioned_La__seed-1_sample-1,composite,-405475.83304374584,Ca-supported,correct,
a8r3s4-pqq-la_model,context,Ca,a8r3s4-pqq-la_model__conditioned_La__seed-1_sample-2|a8r3s4-pqq-la_model__conditioned_La__seed-1_sample-3|a8r3s4-pqq-la_model__conditioned_La__seed-1_sample-4,a8r3s4-pqq-la_model__conditioned_La__seed-1_sample-1,native,-405345.818479084,inconclusive,inconclusive,
atq70401.1-pqq-la_model,context,Ca,atq70401.1-pqq-la_model__conditioned_La__seed-1_sample-1|atq70401.1-pqq-la_model__conditioned_La__seed-1_sample-2|atq70401.1-pqq-la_model__conditioned_La__seed-1_sample-3,atq70401.1-pqq-la_model__conditioned_La__seed-1_sample-4,composite,-405493.7503391556,Ca-supported,correct,
atq70401.1-pqq-la_model,context,Ca,atq70401.1-pqq-la_model__conditioned_La__seed-1_sample-1|atq70401.1-pqq-la_model__conditioned_La__seed-1_sample-2|atq70401.1-pqq-la_model__conditioned_La__seed-1_sample-3,atq70401.1-pqq-la_model__conditioned_La__seed-1_sample-4,native,-405419.644242214,Ca-supported,correct,
atq70401.1-pqq-la_model,context,Ca,atq70401.1-pqq-la_model__conditioned_La__seed-1_sample-1|atq70401.1-pqq-la_model__conditioned_La__seed-1_sample-2|atq70401.1-pqq-la_model__conditioned_La__seed-1_sample-4,atq70401.1-pqq-la_model__conditioned_La__seed-1_sample-3,composite,-405493.7503391556,Ca-supported,correct,
atq70401.1-pqq-la_model,context,Ca,atq70401.1-pqq-la_model__conditioned_La__seed-1_sample-1|atq70401.1-pqq-la_model__conditioned_La__seed-1_sample-2|atq70401.1-pqq-la_model__conditioned_La__seed-1_sample-4,atq70401.1-pqq-la_model__conditioned_La__seed-1_sample-3,native,-405419.644242214,Ca-supported,correct,
atq70401.1-pqq-la_model,context,Ca,atq70401.1-pqq-la_model__conditioned_La__seed-1_sample-1|atq70401.1-pqq-la_model__conditioned_La__seed-1_sample-3|atq70401.1-pqq-la_model__conditioned_La__seed-1_sample-4,atq70401.1-pqq-la_model__conditioned_La__seed-1_sample-2,composite,-405497.12697468954,Ca-supported,correct,
atq70401.1-pqq-la_model,context,Ca,atq70401.1-pqq-la_model__conditioned_La__seed-1_sample-1|atq70401.1-pqq-la_model__conditioned_La__seed-1_sample-3|atq70401.1-pqq-la_model__conditioned_La__seed-1_sample-4,atq70401.1-pqq-la_model__conditioned_La__seed-1_sample-2,native,-405422.65974828205,Ca-supported,correct,
atq70401.1-pqq-la_model,context,Ca,atq70401.1-pqq-la_model__conditioned_La__seed-1_sample-2|atq70401.1-pqq-la_model__conditioned_La__seed-1_sample-3|atq70401.1-pqq-la_model__conditioned_La__seed-1_sample-4,atq70401.1-pqq-la_model__conditioned_La__seed-1_sample-1,composite,-405497.12697468954,Ca-supported,correct,
atq70401.1-pqq-la_model,context,Ca,atq70401.1-pqq-la_model__conditioned_La__seed-1_sample-2|atq70401.1-pqq-la_model__conditioned_La__seed-1_sample-3|atq70401.1-pqq-la_model__conditioned_La__seed-1_sample-4,atq70401.1-pqq-la_model__conditioned_La__seed-1_sample-1,native,-405422.65974828205,Ca-supported,correct,
bbl57595.1-pqq-la_model,context,Ca,bbl57595.1-pqq-la_model__conditioned_La__seed-1_sample-0|bbl57595.1-pqq-la_model__conditioned_La__seed-1_sample-1|bbl57595.1-pqq-la_model__conditioned_La__seed-1_sample-3,bbl57595.1-pqq-la_model__conditioned_La__seed-1_sample-4,composite,-405492.96858367196,Ca-supported,correct,
bbl57595.1-pqq-la_model,context,Ca,bbl57595.1-pqq-la_model__conditioned_La__seed-1_sample-0|bbl57595.1-pqq-la_model__conditioned_La__seed-1_sample-1|bbl57595.1-pqq-la_model__conditioned_La__seed-1_sample-3,bbl57595.1-pqq-la_model__conditioned_La__seed-1_sample-4,native,-405418.1017483548,Ca-supported,correct,
bbl57595.1-pqq-la_model,context,Ca,bbl57595.1-pqq-la_model__conditioned_La__seed-1_sample-0|bbl57595.1-pqq-la_model__conditioned_La__seed-1_sample-1|bbl57595.1-pqq-la_model__conditioned_La__seed-1_sample-4,bbl57595.1-pqq-la_model__conditioned_La__seed-1_sample-3,composite,-405492.6309236791,Ca-supported,correct,
bbl57595.1-pqq-la_model,context,Ca,bbl57595.1-pqq-la_model__conditioned_La__seed-1_sample-0|bbl57595.1-pqq-la_model__conditioned_La__seed-1_sample-1|bbl57595.1-pqq-la_model__conditioned_La__seed-1_sample-4,bbl57595.1-pqq-la_model__conditioned_La__seed-1_sample-3,native,-405419.3336349855,Ca-supported,correct,
bbl57595.1-pqq-la_model,context,Ca,bbl57595.1-pqq-la_model__conditioned_La__seed-1_sample-0|bbl57595.1-pqq-la_model__conditioned_La__seed-1_sample-3|bbl57595.1-pqq-la_model__conditioned_La__seed-1_sample-4,bbl57595.1-pqq-la_model__conditioned_La__seed-1_sample-1,composite,-405492.6309236791,Ca-supported,correct,
bbl57595.1-pqq-la_model,context,Ca,bbl57595.1-pqq-la_model__conditioned_La__seed-1_sample-0|bbl57595.1-pqq-la_model__conditioned_La__seed-1_sample-3|bbl57595.1-pqq-la_model__conditioned_La__seed-1_sample-4,bbl57595.1-pqq-la_model__conditioned_La__seed-1_sample-1,native,-405418.1017483548,Ca-supported,correct,
bbl57595.1-pqq-la_model,context,Ca,bbl57595.1-pqq-la_model__conditioned_La__seed-1_sample-1|bbl57595.1-pqq-la_model__conditioned_La__seed-1_sample-3|bbl57595.1-pqq-la_model__conditioned_La__seed-1_sample-4,bbl57595.1-pqq-la_model__conditioned_La__seed-1_sample-0,composite,-405492.96858367196,Ca-supported,correct,
bbl57595.1-pqq-la_model,context,Ca,bbl57595.1-pqq-la_model__conditioned_La__seed-1_sample-1|bbl57595.1-pqq-la_model__conditioned_La__seed-1_sample-3|bbl57595.1-pqq-la_model__conditioned_La__seed-1_sample-4,bbl57595.1-pqq-la_model__conditioned_La__seed-1_sample-0,native,-405419.3336349855,Ca-supported,correct,
o24759-pqq-la_model,context,Ca,o24759-pqq-la_model__conditioned_La__seed-1_sample-0|o24759-pqq-la_model__conditioned_La__seed-1_sample-1|o24759-pqq-la_model__conditioned_La__seed-1_sample-2,o24759-pqq-la_model__conditioned_La__seed-1_sample-4,composite,-405493.2344845789,Ca-supported,correct,
o24759-pqq-la_model,context,Ca,o24759-pqq-la_model__conditioned_La__seed-1_sample-0|o24759-pqq-la_model__conditioned_La__seed-1_sample-1|o24759-pqq-la_model__conditioned_La__seed-1_sample-2,o24759-pqq-la_model__conditioned_La__seed-1_sample-4,native,-405422.5065547406,Ca-supported,correct,
o24759-pqq-la_model,context,Ca,o24759-pqq-la_model__conditioned_La__seed-1_sample-0|o24759-pqq-la_model__conditioned_La__seed-1_sample-1|o24759-pqq-la_model__conditioned_La__seed-1_sample-4,o24759-pqq-la_model__conditioned_La__seed-1_sample-2,composite,-405493.2344845789,Ca-supported,correct,
o24759-pqq-la_model,context,Ca,o24759-pqq-la_model__conditioned_La__seed-1_sample-0|o24759-pqq-la_model__conditioned_La__seed-1_sample-1|o24759-pqq-la_model__conditioned_La__seed-1_sample-4,o24759-pqq-la_model__conditioned_La__seed-1_sample-2,native,-405422.5065547406,Ca-supported,correct,
o24759-pqq-la_model,context,Ca,o24759-pqq-la_model__conditioned_La__seed-1_sample-0|o24759-pqq-la_model__conditioned_La__seed-1_sample-2|o24759-pqq-la_model__conditioned_La__seed-1_sample-4,o24759-pqq-la_model__conditioned_La__seed-1_sample-1,composite,-405490.068554902,Ca-supported,correct,
o24759-pqq-la_model,context,Ca,o24759-pqq-la_model__conditioned_La__seed-1_sample-0|o24759-pqq-la_model__conditioned_La__seed-1_sample-2|o24759-pqq-la_model__conditioned_La__seed-1_sample-4,o24759-pqq-la_model__conditioned_La__seed-1_sample-1,native,-405429.0134795215,Ca-supported,correct,
o24759-pqq-la_model,context,Ca,o24759-pqq-la_model__conditioned_La__seed-1_sample-1|o24759-pqq-la_model__conditioned_La__seed-1_sample-2|o24759-pqq-la_model__conditioned_La__seed-1_sample-4,o24759-pqq-la_model__conditioned_La__seed-1_sample-0,composite,-405490.068554902,Ca-supported,correct,
o24759-pqq-la_model,context,Ca,o24759-pqq-la_model__conditioned_La__seed-1_sample-1|o24759-pqq-la_model__conditioned_La__seed-1_sample-2|o24759-pqq-la_model__conditioned_La__seed-1_sample-4,o24759-pqq-la_model__conditioned_La__seed-1_sample-0,native,-405429.0134795215,Ca-supported,correct,
p12293-pqq-la_model,context,Ca,p12293-pqq-la_model__conditioned_La__seed-1_sample-0|p12293-pqq-la_model__conditioned_La__seed-1_sample-1|p12293-pqq-la_model__conditioned_La__seed-1_sample-2,p12293-pqq-la_model__conditioned_La__seed-1_sample-3,composite,-405492.28069260286,Ca-supported,correct,
p12293-pqq-la_model,context,Ca,p12293-pqq-la_model__conditioned_La__seed-1_sample-0|p12293-pqq-la_model__conditioned_La__seed-1_sample-1|p12293-pqq-la_model__conditioned_La__seed-1_sample-2,p12293-pqq-la_model__conditioned_La__seed-1_sample-3,native,-405420.04465864325,Ca-supported,correct,
p12293-pqq-la_model,context,Ca,p12293-pqq-la_model__conditioned_La__seed-1_sample-0|p12293-pqq-la_model__conditioned_La__seed-1_sample-1|p12293-pqq-la_model__conditioned_La__seed-1_sample-3,p12293-pqq-la_model__conditioned_La__seed-1_sample-2,composite,-405492.28069260286,Ca-supported,correct,
p12293-pqq-la_model,context,Ca,p12293-pqq-la_model__conditioned_La__seed-1_sample-0|p12293-pqq-la_model__conditioned_La__seed-1_sample-1|p12293-pqq-la_model__conditioned_La__seed-1_sample-3,p12293-pqq-la_model__conditioned_La__seed-1_sample-2,native,-405420.04465864325,Ca-supported,correct,
p12293-pqq-la_model,context,Ca,p12293-pqq-la_model__conditioned_La__seed-1_sample-0|p12293-pqq-la_model__conditioned_La__seed-1_sample-2|p12293-pqq-la_model__conditioned_La__seed-1_sample-3,p12293-pqq-la_model__conditioned_La__seed-1_sample-1,composite,-405492.8312325689,Ca-supported,correct,
p12293-pqq-la_model,context,Ca,p12293-pqq-la_model__conditioned_La__seed-1_sample-0|p12293-pqq-la_model__conditioned_La__seed-1_sample-2|p12293-pqq-la_model__conditioned_La__seed-1_sample-3,p12293-pqq-la_model__conditioned_La__seed-1_sample-1,native,-405423.6683359758,Ca-supported,correct,
p12293-pqq-la_model,context,Ca,p12293-pqq-la_model__conditioned_La__seed-1_sample-1|p12293-pqq-la_model__conditioned_La__seed-1_sample-2|p12293-pqq-la_model__conditioned_La__seed-1_sample-3,p12293-pqq-la_model__conditioned_La__seed-1_sample-0,composite,-405492.8312325689,Ca-supported,correct,
p12293-pqq-la_model,context,Ca,p12293-pqq-la_model__conditioned_La__seed-1_sample-1|p12293-pqq-la_model__conditioned_La__seed-1_sample-2|p12293-pqq-la_model__conditioned_La__seed-1_sample-3,p12293-pqq-la_model__conditioned_La__seed-1_sample-0,native,-405423.6683359758,Ca-supported,correct,
p15279-pqq-la_model,context,Ca,p15279-pqq-la_model__conditioned_La__seed-1_sample-0|p15279-pqq-la_model__conditioned_La__seed-1_sample-1|p15279-pqq-la_model__conditioned_La__seed-1_sample-3,p15279-pqq-la_model__conditioned_La__seed-1_sample-4,composite,-405494.4154168153,Ca-supported,correct,
p15279-pqq-la_model,context,Ca,p15279-pqq-la_model__conditioned_La__seed-1_sample-0|p15279-pqq-la_model__conditioned_La__seed-1_sample-1|p15279-pqq-la_model__conditioned_La__seed-1_sample-3,p15279-pqq-la_model__conditioned_La__seed-1_sample-4,native,-405421.3170481366,Ca-supported,correct,
p15279-pqq-la_model,context,Ca,p15279-pqq-la_model__conditioned_La__seed-1_sample-0|p15279-pqq-la_model__conditioned_La__seed-1_sample-1|p15279-pqq-la_model__conditioned_La__seed-1_sample-4,p15279-pqq-la_model__conditioned_La__seed-1_sample-3,composite,-405494.4154168153,Ca-supported,correct,
p15279-pqq-la_model,context,Ca,p15279-pqq-la_model__conditioned_La__seed-1_sample-0|p15279-pqq-la_model__conditioned_La__seed-1_sample-1|p15279-pqq-la_model__conditioned_La__seed-1_sample-4,p15279-pqq-la_model__conditioned_La__seed-1_sample-3,native,-405424.33003511827,Ca-supported,correct,
p15279-pqq-la_model,context,Ca,p15279-pqq-la_model__conditioned_La__seed-1_sample-0|p15279-pqq-la_model__conditioned_La__seed-1_sample-3|p15279-pqq-la_model__conditioned_La__seed-1_sample-4,p15279-pqq-la_model__conditioned_La__seed-1_sample-1,composite,-405494.2910917315,Ca-supported,correct,
p15279-pqq-la_model,context,Ca,p15279-pqq-la_model__conditioned_La__seed-1_sample-0|p15279-pqq-la_model__conditioned_La__seed-1_sample-3|p15279-pqq-la_model__conditioned_La__seed-1_sample-4,p15279-pqq-la_model__conditioned_La__seed-1_sample-1,native,-405424.33003511827,Ca-supported,correct,
p15279-pqq-la_model,context,Ca,p15279-pqq-la_model__conditioned_La__seed-1_sample-1|p15279-pqq-la_model__conditioned_La__seed-1_sample-3|p15279-pqq-la_model__conditioned_La__seed-1_sample-4,p15279-pqq-la_model__conditioned_La__seed-1_sample-0,composite,-405494.2910917315,Ca-supported,correct,
p15279-pqq-la_model,context,Ca,p15279-pqq-la_model__conditioned_La__seed-1_sample-1|p15279-pqq-la_model__conditioned_La__seed-1_sample-3|p15279-pqq-la_model__conditioned_La__seed-1_sample-4,p15279-pqq-la_model__conditioned_La__seed-1_sample-0,native,-405421.3170481366,Ca-supported,correct,
p16027-pqq-la_model,context,Ca,p16027-pqq-la_model__conditioned_La__seed-1_sample-0|p16027-pqq-la_model__conditioned_La__seed-1_sample-1|p16027-pqq-la_model__conditioned_La__seed-1_sample-3,p16027-pqq-la_model__conditioned_La__seed-1_sample-4,composite,-405490.63637486036,Ca-supported,correct,
p16027-pqq-la_model,context,Ca,p16027-pqq-la_model__conditioned_La__seed-1_sample-0|p16027-pqq-la_model__conditioned_La__seed-1_sample-1|p16027-pqq-la_model__conditioned_La__seed-1_sample-3,p16027-pqq-la_model__conditioned_La__seed-1_sample-4,native,-405419.7538568785,Ca-supported,correct,
p16027-pqq-la_model,context,Ca,p16027-pqq-la_model__conditioned_La__seed-1_sample-0|p16027-pqq-la_model__conditioned_La__seed-1_sample-1|p16027-pqq-la_model__conditioned_La__seed-1_sample-4,p16027-pqq-la_model__conditioned_La__seed-1_sample-3,composite,-405487.04409844853,Ca-supported,correct,
p16027-pqq-la_model,context,Ca,p16027-pqq-la_model__conditioned_La__seed-1_sample-0|p16027-pqq-la_model__conditioned_La__seed-1_sample-1|p16027-pqq-la_model__conditioned_La__seed-1_sample-4,p16027-pqq-la_model__conditioned_La__seed-1_sample-3,native,-405425.65278186504,Ca-supported,correct,
p16027-pqq-la_model,context,Ca,p16027-pqq-la_model__conditioned_La__seed-1_sample-0|p16027-pqq-la_model__conditioned_La__seed-1_sample-3|p16027-pqq-la_model__conditioned_La__seed-1_sample-4,p16027-pqq-la_model__conditioned_La__seed-1_sample-1,composite,-405487.04409844853,Ca-supported,correct,
p16027-pqq-la_model,context,Ca,p16027-pqq-la_model__conditioned_La__seed-1_sample-0|p16027-pqq-la_model__conditioned_La__seed-1_sample-3|p16027-pqq-la_model__conditioned_La__seed-1_sample-4,p16027-pqq-la_model__conditioned_La__seed-1_sample-1,native,-405419.7538568785,Ca-supported,correct,
p16027-pqq-la_model,context,Ca,p16027-pqq-la_model__conditioned_La__seed-1_sample-1|p16027-pqq-la_model__conditioned_La__seed-1_sample-3|p16027-pqq-la_model__conditioned_La__seed-1_sample-4,p16027-pqq-la_model__conditioned_La__seed-1_sample-0,composite,-405490.63637486036,Ca-supported,correct,
p16027-pqq-la_model,context,Ca,p16027-pqq-la_model__conditioned_La__seed-1_sample-1|p16027-pqq-la_model__conditioned_La__seed-1_sample-3|p16027-pqq-la_model__conditioned_La__seed-1_sample-4,p16027-pqq-la_model__conditioned_La__seed-1_sample-0,native,-405425.65278186504,Ca-supported,correct,
p38539-pqq-la_model,context,Ca,p38539-pqq-la_model__conditioned_La__seed-1_sample-1|p38539-pqq-la_model__conditioned_La__seed-1_sample-2|p38539-pqq-la_model__conditioned_La__seed-1_sample-3,p38539-pqq-la_model__conditioned_La__seed-1_sample-4,composite,-405491.5174192283,Ca-supported,correct,
p38539-pqq-la_model,context,Ca,p38539-pqq-la_model__conditioned_La__seed-1_sample-1|p38539-pqq-la_model__conditioned_La__seed-1_sample-2|p38539-pqq-la_model__conditioned_La__seed-1_sample-3,p38539-pqq-la_model__conditioned_La__seed-1_sample-4,native,-405425.06182358565,Ca-supported,correct,
p38539-pqq-la_model,context,Ca,p38539-pqq-la_model__conditioned_La__seed-1_sample-1|p38539-pqq-la_model__conditioned_La__seed-1_sample-2|p38539-pqq-la_model__conditioned_La__seed-1_sample-4,p38539-pqq-la_model__conditioned_La__seed-1_sample-3,composite,-405491.5174192283,Ca-supported,correct,
p38539-pqq-la_model,context,Ca,p38539-pqq-la_model__conditioned_La__seed-1_sample-1|p38539-pqq-la_model__conditioned_La__seed-1_sample-2|p38539-pqq-la_model__conditioned_La__seed-1_sample-4,p38539-pqq-la_model__conditioned_La__seed-1_sample-3,native,-405424.1682688016,Ca-supported,correct,
p38539-pqq-la_model,context,Ca,p38539-pqq-la_model__conditioned_La__seed-1_sample-1|p38539-pqq-la_model__conditioned_La__seed-1_sample-3|p38539-pqq-la_model__conditioned_La__seed-1_sample-4,p38539-pqq-la_model__conditioned_La__seed-1_sample-2,composite,-405494.7829083104,Ca-supported,correct,
p38539-pqq-la_model,context,Ca,p38539-pqq-la_model__conditioned_La__seed-1_sample-1|p38539-pqq-la_model__conditioned_La__seed-1_sample-3|p38539-pqq-la_model__conditioned_La__seed-1_sample-4,p38539-pqq-la_model__conditioned_La__seed-1_sample-2,native,-405425.06182358565,Ca-supported,correct,
p38539-pqq-la_model,context,Ca,p38539-pqq-la_model__conditioned_La__seed-1_sample-2|p38539-pqq-la_model__conditioned_La__seed-1_sample-3|p38539-pqq-la_model__conditioned_La__seed-1_sample-4,p38539-pqq-la_model__conditioned_La__seed-1_sample-1,composite,-405494.7829083104,Ca-supported,correct,
p38539-pqq-la_model,context,Ca,p38539-pqq-la_model__conditioned_La__seed-1_sample-2|p38539-pqq-la_model__conditioned_La__seed-1_sample-3|p38539-pqq-la_model__conditioned_La__seed-1_sample-4,p38539-pqq-la_model__conditioned_La__seed-1_sample-1,native,-405424.1682688016,Ca-supported,correct,
q4w6g0-pqq-la_model,context,Ca,q4w6g0-pqq-la_model__conditioned_La__seed-1_sample-0|q4w6g0-pqq-la_model__conditioned_La__seed-1_sample-1|q4w6g0-pqq-la_model__conditioned_La__seed-1_sample-3,q4w6g0-pqq-la_model__conditioned_La__seed-1_sample-4,composite,-405477.793740516,Ca-supported,correct,
q4w6g0-pqq-la_model,context,Ca,q4w6g0-pqq-la_model__conditioned_La__seed-1_sample-0|q4w6g0-pqq-la_model__conditioned_La__seed-1_sample-1|q4w6g0-pqq-la_model__conditioned_La__seed-1_sample-3,q4w6g0-pqq-la_model__conditioned_La__seed-1_sample-4,native,-405399.2577443895,Ca-supported,correct,
q4w6g0-pqq-la_model,context,Ca,q4w6g0-pqq-la_model__conditioned_La__seed-1_sample-0|q4w6g0-pqq-la_model__conditioned_La__seed-1_sample-1|q4w6g0-pqq-la_model__conditioned_La__seed-1_sample-4,q4w6g0-pqq-la_model__conditioned_La__seed-1_sample-3,composite,-405477.7786774069,Ca-supported,correct,
q4w6g0-pqq-la_model,context,Ca,q4w6g0-pqq-la_model__conditioned_La__seed-1_sample-0|q4w6g0-pqq-la_model__conditioned_La__seed-1_sample-1|q4w6g0-pqq-la_model__conditioned_La__seed-1_sample-4,q4w6g0-pqq-la_model__conditioned_La__seed-1_sample-3,native,-405399.2577443895,Ca-supported,correct,
q4w6g0-pqq-la_model,context,Ca,q4w6g0-pqq-la_model__conditioned_La__seed-1_sample-0|q4w6g0-pqq-la_model__conditioned_La__seed-1_sample-3|q4w6g0-pqq-la_model__conditioned_La__seed-1_sample-4,q4w6g0-pqq-la_model__conditioned_La__seed-1_sample-1,composite,-405477.7786774069,Ca-supported,correct,
q4w6g0-pqq-la_model,context,Ca,q4w6g0-pqq-la_model__conditioned_La__seed-1_sample-0|q4w6g0-pqq-la_model__conditioned_La__seed-1_sample-3|q4w6g0-pqq-la_model__conditioned_La__seed-1_sample-4,q4w6g0-pqq-la_model__conditioned_La__seed-1_sample-1,native,-405399.25368456024,Ca-supported,correct,
q4w6g0-pqq-la_model,context,Ca,q4w6g0-pqq-la_model__conditioned_La__seed-1_sample-1|q4w6g0-pqq-la_model__conditioned_La__seed-1_sample-3|q4w6g0-pqq-la_model__conditioned_La__seed-1_sample-4,q4w6g0-pqq-la_model__conditioned_La__seed-1_sample-0,composite,-405477.793740516,Ca-supported,correct,
q4w6g0-pqq-la_model,context,Ca,q4w6g0-pqq-la_model__conditioned_La__seed-1_sample-1|q4w6g0-pqq-la_model__conditioned_La__seed-1_sample-3|q4w6g0-pqq-la_model__conditioned_La__seed-1_sample-4,q4w6g0-pqq-la_model__conditioned_La__seed-1_sample-0,native,-405399.25368456024,Ca-supported,correct,
q60ar6-pqq-la_model,context,Ca,q60ar6-pqq-la_model__conditioned_La__seed-1_sample-0|q60ar6-pqq-la_model__conditioned_La__seed-1_sample-2|q60ar6-pqq-la_model__conditioned_La__seed-1_sample-3,q60ar6-pqq-la_model__conditioned_La__seed-1_sample-4,composite,-405485.75146229164,Ca-supported,correct,
q60ar6-pqq-la_model,context,Ca,q60ar6-pqq-la_model__conditioned_La__seed-1_sample-0|q60ar6-pqq-la_model__conditioned_La__seed-1_sample-2|q60ar6-pqq-la_model__conditioned_La__seed-1_sample-3,q60ar6-pqq-la_model__conditioned_La__seed-1_sample-4,native,-405415.4473156853,Ca-supported,correct,
q60ar6-pqq-la_model,context,Ca,q60ar6-pqq-la_model__conditioned_La__seed-1_sample-0|q60ar6-pqq-la_model__conditioned_La__seed-1_sample-2|q60ar6-pqq-la_model__conditioned_La__seed-1_sample-4,q60ar6-pqq-la_model__conditioned_La__seed-1_sample-3,composite,-405486.22727385216,Ca-supported,correct,
q60ar6-pqq-la_model,context,Ca,q60ar6-pqq-la_model__conditioned_La__seed-1_sample-0|q60ar6-pqq-la_model__conditioned_La__seed-1_sample-2|q60ar6-pqq-la_model__conditioned_La__seed-1_sample-4,q60ar6-pqq-la_model__conditioned_La__seed-1_sample-3,native,-405410.9157549647,Ca-supported,correct,
q60ar6-pqq-la_model,context,Ca,q60ar6-pqq-la_model__conditioned_La__seed-1_sample-0|q60ar6-pqq-la_model__conditioned_La__seed-1_sample-3|q60ar6-pqq-la_model__conditioned_La__seed-1_sample-4,q60ar6-pqq-la_model__conditioned_La__seed-1_sample-2,composite,-405486.22727385216,Ca-supported,correct,
q60ar6-pqq-la_model,context,Ca,q60ar6-pqq-la_model__conditioned_La__seed-1_sample-0|q60ar6-pqq-la_model__conditioned_La__seed-1_sample-3|q60ar6-pqq-la_model__conditioned_La__seed-1_sample-4,q60ar6-pqq-la_model__conditioned_La__seed-1_sample-2,native,-405415.4473156853,Ca-supported,correct,
q60ar6-pqq-la_model,context,Ca,q60ar6-pqq-la_model__conditioned_La__seed-1_sample-2|q60ar6-pqq-la_model__conditioned_La__seed-1_sample-3|q60ar6-pqq-la_model__conditioned_La__seed-1_sample-4,q60ar6-pqq-la_model__conditioned_La__seed-1_sample-0,composite,-405485.75146229164,Ca-supported,correct,
q60ar6-pqq-la_model,context,Ca,q60ar6-pqq-la_model__conditioned_La__seed-1_sample-2|q60ar6-pqq-la_model__conditioned_La__seed-1_sample-3|q60ar6-pqq-la_model__conditioned_La__seed-1_sample-4,q60ar6-pqq-la_model__conditioned_La__seed-1_sample-0,native,-405410.9157549647,Ca-supported,correct,
q88jh5-pqq-la_model,context,Ca,q88jh5-pqq-la_model__conditioned_La__seed-1_sample-0|q88jh5-pqq-la_model__conditioned_La__seed-1_sample-1|q88jh5-pqq-la_model__conditioned_La__seed-1_sample-3,q88jh5-pqq-la_model__conditioned_La__seed-1_sample-4,composite,,unavailable,unavailable,q88jh5-pqq-la_model__conditioned_La__seed-1_sample-1
q88jh5-pqq-la_model,context,Ca,q88jh5-pqq-la_model__conditioned_La__seed-1_sample-0|q88jh5-pqq-la_model__conditioned_La__seed-1_sample-1|q88jh5-pqq-la_model__conditioned_La__seed-1_sample-3,q88jh5-pqq-la_model__conditioned_La__seed-1_sample-4,native,,unavailable,unavailable,q88jh5-pqq-la_model__conditioned_La__seed-1_sample-1
q88jh5-pqq-la_model,context,Ca,q88jh5-pqq-la_model__conditioned_La__seed-1_sample-0|q88jh5-pqq-la_model__conditioned_La__seed-1_sample-1|q88jh5-pqq-la_model__conditioned_La__seed-1_sample-4,q88jh5-pqq-la_model__conditioned_La__seed-1_sample-3,composite,,unavailable,unavailable,q88jh5-pqq-la_model__conditioned_La__seed-1_sample-1
q88jh5-pqq-la_model,context,Ca,q88jh5-pqq-la_model__conditioned_La__seed-1_sample-0|q88jh5-pqq-la_model__conditioned_La__seed-1_sample-1|q88jh5-pqq-la_model__conditioned_La__seed-1_sample-4,q88jh5-pqq-la_model__conditioned_La__seed-1_sample-3,native,,unavailable,unavailable,q88jh5-pqq-la_model__conditioned_La__seed-1_sample-1
q88jh5-pqq-la_model,context,Ca,q88jh5-pqq-la_model__conditioned_La__seed-1_sample-0|q88jh5-pqq-la_model__conditioned_La__seed-1_sample-3|q88jh5-pqq-la_model__conditioned_La__seed-1_sample-4,q88jh5-pqq-la_model__conditioned_La__seed-1_sample-1,composite,-405478.9561280459,Ca-supported,correct,
q88jh5-pqq-la_model,context,Ca,q88jh5-pqq-la_model__conditioned_La__seed-1_sample-0|q88jh5-pqq-la_model__conditioned_La__seed-1_sample-3|q88jh5-pqq-la_model__conditioned_La__seed-1_sample-4,q88jh5-pqq-la_model__conditioned_La__seed-1_sample-1,native,-405348.84141652926,Ca-supported,correct,
q88jh5-pqq-la_model,context,Ca,q88jh5-pqq-la_model__conditioned_La__seed-1_sample-1|q88jh5-pqq-la_model__conditioned_La__seed-1_sample-3|q88jh5-pqq-la_model__conditioned_La__seed-1_sample-4,q88jh5-pqq-la_model__conditioned_La__seed-1_sample-0,composite,,unavailable,unavailable,q88jh5-pqq-la_model__conditioned_La__seed-1_sample-1
q88jh5-pqq-la_model,context,Ca,q88jh5-pqq-la_model__conditioned_La__seed-1_sample-1|q88jh5-pqq-la_model__conditioned_La__seed-1_sample-3|q88jh5-pqq-la_model__conditioned_La__seed-1_sample-4,q88jh5-pqq-la_model__conditioned_La__seed-1_sample-0,native,,unavailable,unavailable,q88jh5-pqq-la_model__conditioned_La__seed-1_sample-1
q8gr64-pqq-la_model,context,Ca,q8gr64-pqq-la_model__conditioned_La__seed-1_sample-0|q8gr64-pqq-la_model__conditioned_La__seed-1_sample-1|q8gr64-pqq-la_model__conditioned_La__seed-1_sample-3,q8gr64-pqq-la_model__conditioned_La__seed-1_sample-4,composite,-405495.7163137585,Ca-supported,correct,
q8gr64-pqq-la_model,context,Ca,q8gr64-pqq-la_model__conditioned_La__seed-1_sample-0|q8gr64-pqq-la_model__conditioned_La__seed-1_sample-1|q8gr64-pqq-la_model__conditioned_La__seed-1_sample-3,q8gr64-pqq-la_model__conditioned_La__seed-1_sample-4,native,-405414.82182857796,Ca-supported,correct,
q8gr64-pqq-la_model,context,Ca,q8gr64-pqq-la_model__conditioned_La__seed-1_sample-0|q8gr64-pqq-la_model__conditioned_La__seed-1_sample-1|q8gr64-pqq-la_model__conditioned_La__seed-1_sample-4,q8gr64-pqq-la_model__conditioned_La__seed-1_sample-3,composite,-405495.7163137585,Ca-supported,correct,
q8gr64-pqq-la_model,context,Ca,q8gr64-pqq-la_model__conditioned_La__seed-1_sample-0|q8gr64-pqq-la_model__conditioned_La__seed-1_sample-1|q8gr64-pqq-la_model__conditioned_La__seed-1_sample-4,q8gr64-pqq-la_model__conditioned_La__seed-1_sample-3,native,-405414.82182857796,Ca-supported,correct,
q8gr64-pqq-la_model,context,Ca,q8gr64-pqq-la_model__conditioned_La__seed-1_sample-0|q8gr64-pqq-la_model__conditioned_La__seed-1_sample-3|q8gr64-pqq-la_model__conditioned_La__seed-1_sample-4,q8gr64-pqq-la_model__conditioned_La__seed-1_sample-1,composite,-405493.96486741287,Ca-supported,correct,
q8gr64-pqq-la_model,context,Ca,q8gr64-pqq-la_model__conditioned_La__seed-1_sample-0|q8gr64-pqq-la_model__conditioned_La__seed-1_sample-3|q8gr64-pqq-la_model__conditioned_La__seed-1_sample-4,q8gr64-pqq-la_model__conditioned_La__seed-1_sample-1,native,-405412.23730938515,Ca-supported,correct,
q8gr64-pqq-la_model,context,Ca,q8gr64-pqq-la_model__conditioned_La__seed-1_sample-1|q8gr64-pqq-la_model__conditioned_La__seed-1_sample-3|q8gr64-pqq-la_model__conditioned_La__seed-1_sample-4,q8gr64-pqq-la_model__conditioned_La__seed-1_sample-0,composite,-405493.96486741287,Ca-supported,correct,
q8gr64-pqq-la_model,context,Ca,q8gr64-pqq-la_model__conditioned_La__seed-1_sample-1|q8gr64-pqq-la_model__conditioned_La__seed-1_sample-3|q8gr64-pqq-la_model__conditioned_La__seed-1_sample-4,q8gr64-pqq-la_model__conditioned_La__seed-1_sample-0,native,-405412.23730938515,Ca-supported,correct,
q9l935-pqq-la_model,context,Ca,q9l935-pqq-la_model__conditioned_La__seed-1_sample-0|q9l935-pqq-la_model__conditioned_La__seed-1_sample-2|q9l935-pqq-la_model__conditioned_La__seed-1_sample-3,q9l935-pqq-la_model__conditioned_La__seed-1_sample-4,composite,-405489.4478354919,Ca-supported,correct,
q9l935-pqq-la_model,context,Ca,q9l935-pqq-la_model__conditioned_La__seed-1_sample-0|q9l935-pqq-la_model__conditioned_La__seed-1_sample-2|q9l935-pqq-la_model__conditioned_La__seed-1_sample-3,q9l935-pqq-la_model__conditioned_La__seed-1_sample-4,native,-405415.31553027214,Ca-supported,correct,
q9l935-pqq-la_model,context,Ca,q9l935-pqq-la_model__conditioned_La__seed-1_sample-0|q9l935-pqq-la_model__conditioned_La__seed-1_sample-2|q9l935-pqq-la_model__conditioned_La__seed-1_sample-4,q9l935-pqq-la_model__conditioned_La__seed-1_sample-3,composite,-405490.57682975265,Ca-supported,correct,
q9l935-pqq-la_model,context,Ca,q9l935-pqq-la_model__conditioned_La__seed-1_sample-0|q9l935-pqq-la_model__conditioned_La__seed-1_sample-2|q9l935-pqq-la_model__conditioned_La__seed-1_sample-4,q9l935-pqq-la_model__conditioned_La__seed-1_sample-3,native,-405417.19578639447,Ca-supported,correct,
q9l935-pqq-la_model,context,Ca,q9l935-pqq-la_model__conditioned_La__seed-1_sample-0|q9l935-pqq-la_model__conditioned_La__seed-1_sample-3|q9l935-pqq-la_model__conditioned_La__seed-1_sample-4,q9l935-pqq-la_model__conditioned_La__seed-1_sample-2,composite,-405489.4478354919,Ca-supported,correct,
q9l935-pqq-la_model,context,Ca,q9l935-pqq-la_model__conditioned_La__seed-1_sample-0|q9l935-pqq-la_model__conditioned_La__seed-1_sample-3|q9l935-pqq-la_model__conditioned_La__seed-1_sample-4,q9l935-pqq-la_model__conditioned_La__seed-1_sample-2,native,-405415.31553027214,Ca-supported,correct,
q9l935-pqq-la_model,context,Ca,q9l935-pqq-la_model__conditioned_La__seed-1_sample-2|q9l935-pqq-la_model__conditioned_La__seed-1_sample-3|q9l935-pqq-la_model__conditioned_La__seed-1_sample-4,q9l935-pqq-la_model__conditioned_La__seed-1_sample-0,composite,-405490.57682975265,Ca-supported,correct,
q9l935-pqq-la_model,context,Ca,q9l935-pqq-la_model__conditioned_La__seed-1_sample-2|q9l935-pqq-la_model__conditioned_La__seed-1_sample-3|q9l935-pqq-la_model__conditioned_La__seed-1_sample-4,q9l935-pqq-la_model__conditioned_La__seed-1_sample-0,native,-405417.19578639447,Ca-supported,correct,
q9z4j7-pqq-la_model,context,Ca,q9z4j7-pqq-la_model__conditioned_La__seed-1_sample-1|q9z4j7-pqq-la_model__conditioned_La__seed-1_sample-2|q9z4j7-pqq-la_model__conditioned_La__seed-1_sample-3,q9z4j7-pqq-la_model__conditioned_La__seed-1_sample-4,composite,-405469.6848696391,Ca-supported,correct,
q9z4j7-pqq-la_model,context,Ca,q9z4j7-pqq-la_model__conditioned_La__seed-1_sample-1|q9z4j7-pqq-la_model__conditioned_La__seed-1_sample-2|q9z4j7-pqq-la_model__conditioned_La__seed-1_sample-3,q9z4j7-pqq-la_model__conditioned_La__seed-1_sample-4,native,-405348.03335928434,Ca-supported,correct,
q9z4j7-pqq-la_model,context,Ca,q9z4j7-pqq-la_model__conditioned_La__seed-1_sample-1|q9z4j7-pqq-la_model__conditioned_La__seed-1_sample-2|q9z4j7-pqq-la_model__conditioned_La__seed-1_sample-4,q9z4j7-pqq-la_model__conditioned_La__seed-1_sample-3,composite,-405469.6848696391,Ca-supported,correct,
q9z4j7-pqq-la_model,context,Ca,q9z4j7-pqq-la_model__conditioned_La__seed-1_sample-1|q9z4j7-pqq-la_model__conditioned_La__seed-1_sample-2|q9z4j7-pqq-la_model__conditioned_La__seed-1_sample-4,q9z4j7-pqq-la_model__conditioned_La__seed-1_sample-3,native,-405342.5525288313,La-supported,wrong,
q9z4j7-pqq-la_model,context,Ca,q9z4j7-pqq-la_model__conditioned_La__seed-1_sample-1|q9z4j7-pqq-la_model__conditioned_La__seed-1_sample-3|q9z4j7-pqq-la_model__conditioned_La__seed-1_sample-4,q9z4j7-pqq-la_model__conditioned_La__seed-1_sample-2,composite,-405477.0637286686,Ca-supported,correct,
q9z4j7-pqq-la_model,context,Ca,q9z4j7-pqq-la_model__conditioned_La__seed-1_sample-1|q9z4j7-pqq-la_model__conditioned_La__seed-1_sample-3|q9z4j7-pqq-la_model__conditioned_La__seed-1_sample-4,q9z4j7-pqq-la_model__conditioned_La__seed-1_sample-2,native,-405348.03335928434,Ca-supported,correct,
q9z4j7-pqq-la_model,context,Ca,q9z4j7-pqq-la_model__conditioned_La__seed-1_sample-2|q9z4j7-pqq-la_model__conditioned_La__seed-1_sample-3|q9z4j7-pqq-la_model__conditioned_La__seed-1_sample-4,q9z4j7-pqq-la_model__conditioned_La__seed-1_sample-1,composite,-405477.0637286686,Ca-supported,correct,
q9z4j7-pqq-la_model,context,Ca,q9z4j7-pqq-la_model__conditioned_La__seed-1_sample-2|q9z4j7-pqq-la_model__conditioned_La__seed-1_sample-3|q9z4j7-pqq-la_model__conditioned_La__seed-1_sample-4,q9z4j7-pqq-la_model__conditioned_La__seed-1_sample-1,native,-405342.5525288313,La-supported,wrong,
